policy,treatment,y_name,spec,coef,se,t_stat,p_value,N,positives,sig_10,sig_05,sig_01
acct2024,acct_gap_post,DU_kw,firm_yearFE,.082694998223983,.03196235,2.5872626,.01012776,17451,3472,1,1,1
acct2024,acct_gap_post,HardCap_direct_v1,firm_yearFE,.1182659871349704,.021728113,5.4429936,1.0641535e-07,17451,3472,1,1,1
acct2024,acct_gap_post,NarrHardGap_direct_v1,firm_yearFE,-.0604306645223621,.0053873304,-11.217182,9.5173317e-25,17451,3472,1,1,1
acct2024,acct_gap_post,NarrHardHushing_direct_v1,firm_yearFE,.0201451660427838,.0076046316,2.6490653,.0084836716,17451,3472,1,1,1
acct2024,acct_gap_post,NarrHardVerified_direct_v1,firm_yearFE,.0049318365096294,.0073537272,.67065805,.50293612,17451,3472,0,0,0
acct2024,acct_gap_post,NarrHardWashing_direct_v1,firm_yearFE,-.05903134641525,.0066655143,-8.8562326,6.4537558e-17,17451,3472,1,1,1
acct2024,acct_wany_post,DU_kw,firm_yearFE,.0676682500398929,.02716225,2.4912608,.01325009,17451,2028,1,1,0
acct2024,acct_wany_post,HardCap_direct_v1,firm_yearFE,.060167624215093,.013785388,4.364594,.000017355494,17451,2028,1,1,1
acct2024,acct_wany_post,NarrHardGap_direct_v1,firm_yearFE,-.0609362655025733,.0056119114,-10.85838,1.6757897e-23,17451,2028,1,1,1
acct2024,acct_wany_post,NarrHardHushing_direct_v1,firm_yearFE,.0032442454568824,.0052176761,.62177974,.5345422,17451,2028,0,0,0
acct2024,acct_wany_post,NarrHardVerified_direct_v1,firm_yearFE,.0182242784215829,.0055698543,3.2719488,.0011881713,17451,2028,1,1,1
acct2024,acct_wany_post,NarrHardWashing_direct_v1,firm_yearFE,-.1551180569660769,.011298191,-13.72946,7.3586185e-34,17451,2028,1,1,1
acct2024,acct_wmaj_post,DU_kw,firm_yearFE,.0628941706532261,.031005107,2.0285101,.043360047,17451,1660,1,1,0
acct2024,acct_wmaj_post,HardCap_direct_v1,firm_yearFE,.0610011162236381,.01308597,4.6615667,4.6626619e-06,17451,1660,1,1,1
acct2024,acct_wmaj_post,NarrHardGap_direct_v1,firm_yearFE,-.0618509684395945,.0059475303,-10.399438,6.1878997e-22,17451,1660,1,1,1
acct2024,acct_wmaj_post,NarrHardHushing_direct_v1,firm_yearFE,-.0018209779889068,.0048599769,-.3746886,.70814741,17451,1660,0,0,0
acct2024,acct_wmaj_post,NarrHardVerified_direct_v1,firm_yearFE,.0185574839512927,.0051492304,3.6039336,.0003648602,17451,1660,1,1,1
acct2024,acct_wmaj_post,NarrHardWashing_direct_v1,firm_yearFE,-.1727535959879648,.015377855,-11.23392,8.3174881e-25,17451,1660,1,1,1
acct2024,acct_wstr_post,DU_kw,firm_yearFE,.1300584611056623,.050002117,2.601059,.0097378334,17451,1035,1,1,1
acct2024,acct_wstr_post,HardCap_direct_v1,firm_yearFE,.0428354325002724,.0117496,3.6456928,.00031247828,17451,1035,1,1,1
acct2024,acct_wstr_post,NarrHardGap_direct_v1,firm_yearFE,-.0368823069939876,.0057869847,-6.3733201,6.6648254e-10,17451,1035,1,1,1
acct2024,acct_wstr_post,NarrHardHushing_direct_v1,firm_yearFE,-.0033473122395069,.0043734466,-.76537168,.44463068,17451,1035,0,0,0
acct2024,acct_wstr_post,NarrHardVerified_direct_v1,firm_yearFE,.0158800817337418,.0046425406,3.4205585,.00070838898,17451,1035,1,1,1
acct2024,acct_wstr_post,NarrHardWashing_direct_v1,firm_yearFE,-.044954059414202,.0093794325,-4.7928333,2.5518266e-06,17451,1035,1,1,1
dataip,dip_gap,DU_kw,firm_yearFE_provclu,.1680157922725307,.045964353,3.6553497,.00094232173,22096,4511,1,1,1
dataip,dip_gap,HardCap_direct_v1,firm_yearFE_provclu,-.0000212102294798,.02410748,-.00087981939,.99930364,22096,4511,0,0,0
dataip,dip_gap,NarrHardGap_direct_v1,firm_yearFE_provclu,-.0863929515838452,.0058963192,-14.652014,1.7599398e-15,22096,4511,1,1,1
dataip,dip_gap,NarrHardHushing_direct_v1,firm_yearFE_provclu,.0220458032564981,.0093083177,2.3683982,.024280956,22096,4511,1,1,0
dataip,dip_gap,NarrHardVerified_direct_v1,firm_yearFE_provclu,.006609949559918,.0077782171,.84980267,.40195045,22096,4511,0,0,0
dataip,dip_gap,NarrHardWashing_direct_v1,firm_yearFE_provclu,-.0901323063130269,.012963815,-6.9526067,8.4401421e-08,22096,4511,1,1,1
dataip,dip_wany,DU_kw,firm_yearFE_provclu,.1305906928271667,.04321374,3.0219717,.0050018583,22096,2563,1,1,1
dataip,dip_wany,HardCap_direct_v1,firm_yearFE_provclu,.006848547139328,.018033653,.37976483,.70670938,22096,2563,0,0,0
dataip,dip_wany,NarrHardGap_direct_v1,firm_yearFE_provclu,-.0829954925174026,.0047329874,-17.53554,1.2032056e-17,22096,2563,1,1,1
dataip,dip_wany,NarrHardHushing_direct_v1,firm_yearFE_provclu,-.0055441292255102,.0063732872,-.86990106,.39104062,22096,2563,0,0,0
dataip,dip_wany,NarrHardVerified_direct_v1,firm_yearFE_provclu,.0276662566384738,.0057334793,4.825387,.000035407953,22096,2563,1,1,1
dataip,dip_wany,NarrHardWashing_direct_v1,firm_yearFE_provclu,-.1922205467022591,.012098708,-15.887691,1.9044609e-16,22096,2563,1,1,1
dataip,dip_wmaj,DU_kw,firm_yearFE_provclu,.1305906928271667,.04321374,3.0219717,.0050018583,22096,2563,1,1,1
dataip,dip_wmaj,HardCap_direct_v1,firm_yearFE_provclu,.006848547139328,.018033653,.37976483,.70670938,22096,2563,0,0,0
dataip,dip_wmaj,NarrHardGap_direct_v1,firm_yearFE_provclu,-.0829954925174026,.0047329874,-17.53554,1.2032056e-17,22096,2563,1,1,1
dataip,dip_wmaj,NarrHardHushing_direct_v1,firm_yearFE_provclu,-.0055441292255102,.0063732872,-.86990106,.39104062,22096,2563,0,0,0
dataip,dip_wmaj,NarrHardVerified_direct_v1,firm_yearFE_provclu,.0276662566384738,.0057334793,4.825387,.000035407953,22096,2563,1,1,1
dataip,dip_wmaj,NarrHardWashing_direct_v1,firm_yearFE_provclu,-.1922205467022591,.012098708,-15.887691,1.9044609e-16,22096,2563,1,1,1
dataip,dip_wstr,DU_kw,firm_yearFE_provclu,.2707954253769133,.076296248,3.5492628,.0012554176,22096,1365,1,1,1
dataip,dip_wstr,HardCap_direct_v1,firm_yearFE_provclu,-.0101689091032555,.0086870082,-1.1705881,.25068468,22096,1365,0,0,0
dataip,dip_wstr,NarrHardGap_direct_v1,firm_yearFE_provclu,-.0498213757988851,.0043228851,-11.525029,9.7374409e-13,22096,1365,1,1,1
dataip,dip_wstr,NarrHardHushing_direct_v1,firm_yearFE_provclu,-.0165785898140469,.0058132955,-2.8518403,.0076695178,22096,1365,1,1,1
dataip,dip_wstr,NarrHardVerified_direct_v1,firm_yearFE_provclu,.0227291615170505,.007456183,3.0483642,.0046767392,22096,1365,1,1,1
dataip,dip_wstr,NarrHardWashing_direct_v1,firm_yearFE_provclu,-.0709863231521426,.0086363088,-8.2195215,2.7708786e-09,22096,1365,1,1,1
