x_name,y_family,y_name,spec,coef,se,t_stat,p_value,N,positives,sig_10,sig_05,sig_01
dx_gap,analyst_info,Analyst,exchange_preexp_ddd,-.1587527836962778,.046208095,-3.4356055,.00065667671,23526,4035,1,1,1
dx_gap,analyst_info,ForecastDisp,exchange_preexp_ddd,.0122325076467721,.012088278,1.0119313,.31239179,10411,1947,0,0,0
dx_gap,analyst_info,RatingDisp,exchange_preexp_ddd,.0096093159741668,.012023605,.79920417,.42477044,12720,2377,0,0,0
dx_gap,analyst_info,ReportFreq,exchange_preexp_ddd,.0608102253812007,.042525034,1.4299865,.1536815,13349,2457,0,0,0
dx_gap,audit_accounting,AuditFee,exchange_preexp_ddd,-.0207479154436459,.01651191,-1.2565424,.20969327,23497,4033,0,0,0
dx_gap,first_stage,DU_kw,exchange_preexp_ddd,.2120629793775688,.064547174,3.2853954,.0011132918,23526,4035,1,1,1
dx_gap,first_stage,HardCap_direct_v1,exchange_preexp_ddd,-.0089998899755772,.035086837,-.25650331,.79770142,23526,4035,0,0,0
dx_gap,first_stage,asset_trade_d,exchange_preexp_ddd,.0551008341648038,.015702754,3.5089917,.00050386542,23526,4035,1,1,1
dx_gap,first_stage,asset_trade_kw,exchange_preexp_ddd,.0824644191863809,.020300187,4.0622492,.000059093003,23526,4035,1,1,1
dx_gap,first_stage,has_data_content,exchange_preexp_ddd,-.1547774846885558,.019649249,-7.877018,3.5783266e-14,23524,4035,1,1,1
dx_gap,first_stage,ln_n_paragraphs,exchange_preexp_ddd,-.537842943548053,.062369026,-8.623559,1.7961463e-16,23524,4035,1,1,1
dx_gap,first_stage,score1,exchange_preexp_ddd,-.3012604470887598,.04757886,-6.3318133,6.8598188e-10,23524,4035,1,1,1
dx_gap,first_stage,score2,exchange_preexp_ddd,-.0163054708993137,.025870832,-.63026464,.52890128,23524,4035,0,0,0
dx_gap,first_stage,strict_at_d,exchange_preexp_ddd,.0440296940906527,.010933779,4.0269418,.000068274916,23526,4035,1,1,1
dx_gap,first_stage,strict_at_kw,exchange_preexp_ddd,.0297423740059633,.0072867,4.0817342,.000054541575,23526,4035,1,1,1
dx_gap,mismatch_x,NarrHardGap_direct_v1,exchange_preexp_ddd,-.1110783400031109,.013794536,-8.0523434,1.0623681e-14,23526,4035,1,1,1
dx_gap,mismatch_x,NarrHardHushing_direct_v1,exchange_preexp_ddd,.0268836542325393,.011035468,2.4361136,.015305906,23526,4035,1,1,0
dx_gap,mismatch_x,NarrHardVerified_direct_v1,exchange_preexp_ddd,.0037081282302894,.017311139,.21420474,.83050257,23526,4035,0,0,0
dx_gap,mismatch_x,NarrHardWashing_direct_v1,exchange_preexp_ddd,-.1024545078991161,.0094590485,-10.831376,5.3383949e-24,23526,4035,1,1,1
dx_gap,pricing_efficiency,PriceDelay,exchange_preexp_ddd,.0013832657720273,.0051448354,.26886493,.78817993,23526,4035,0,0,0
dx_gap,pricing_efficiency,SYNCH,exchange_preexp_ddd,-.066532094185298,.027237831,-2.4426355,.015036407,23498,4033,1,1,0
dx_gap,valuation,TobinQ,exchange_preexp_ddd,.0744214457411767,.034365334,2.1655965,.030965216,23526,4035,1,1,0
dx_highgap,analyst_info,Analyst,exchange_preexp_ddd,-.1437629933553302,.056237154,-2.5563705,.01096613,23526,4042,1,1,0
dx_highgap,analyst_info,ForecastDisp,exchange_preexp_ddd,.0151290068628767,.010222705,1.4799416,.13994521,10411,1947,0,0,0
dx_highgap,analyst_info,RatingDisp,exchange_preexp_ddd,.0003705787867912,.012914032,.028695824,.97712523,12720,2377,0,0,0
dx_highgap,analyst_info,ReportFreq,exchange_preexp_ddd,.0645361911951444,.030656278,2.1051543,.036045052,13349,2457,1,1,0
dx_highgap,audit_accounting,AuditFee,exchange_preexp_ddd,-.0358427199227904,.01809665,-1.9806273,.048355702,23497,4040,1,1,0
dx_highgap,first_stage,DU_kw,exchange_preexp_ddd,.038977144930837,.046180613,.84401536,.39919323,23526,4042,0,0,0
dx_highgap,first_stage,HardCap_direct_v1,exchange_preexp_ddd,.0085616467702936,.034802355,.2460077,.80580944,23526,4042,0,0,0
dx_highgap,first_stage,asset_trade_d,exchange_preexp_ddd,.0073067521115809,.01209659,.60403401,.54618239,23526,4042,0,0,0
dx_highgap,first_stage,asset_trade_kw,exchange_preexp_ddd,.0438788831232725,.013198932,3.3244269,.00097238983,23526,4042,1,1,1
dx_highgap,first_stage,has_data_content,exchange_preexp_ddd,-.057571862122113,.02005643,-2.8704941,.0043282164,23524,4042,1,1,1
dx_highgap,first_stage,ln_n_paragraphs,exchange_preexp_ddd,-.3387111219014084,.053667206,-6.3113241,7.7340928e-10,23524,4042,1,1,1
dx_highgap,first_stage,score1,exchange_preexp_ddd,-.1385439348467304,.047571469,-2.9123323,.0037997242,23524,4042,1,1,1
dx_highgap,first_stage,score2,exchange_preexp_ddd,-.0202540794467067,.023246257,-.87128353,.38415092,23524,4042,0,0,0
dx_highgap,first_stage,strict_at_d,exchange_preexp_ddd,.0145952582659917,.0091194157,1.6004599,.11032979,23526,4042,0,0,0
dx_highgap,first_stage,strict_at_kw,exchange_preexp_ddd,.0152419593045149,.0037179091,4.0996051,.000050662045,23526,4042,1,1,1
dx_highgap,mismatch_x,NarrHardGap_direct_v1,exchange_preexp_ddd,-.0862618341684206,.017678754,-4.8794069,1.5699001e-06,23526,4042,1,1,1
dx_highgap,mismatch_x,NarrHardHushing_direct_v1,exchange_preexp_ddd,.0209083331090211,.013471208,1.5520756,.12147874,23526,4042,0,0,0
dx_highgap,mismatch_x,NarrHardVerified_direct_v1,exchange_preexp_ddd,.0391977725361487,.021866582,1.7925879,.073836222,23526,4042,1,0,0
dx_highgap,mismatch_x,NarrHardWashing_direct_v1,exchange_preexp_ddd,-.0470196424840916,.014889753,-3.1578524,.0017167437,23526,4042,1,1,1
dx_highgap,pricing_efficiency,PriceDelay,exchange_preexp_ddd,.001176869973663,.0048841932,.24095485,.8097204,23526,4042,0,0,0
dx_highgap,pricing_efficiency,SYNCH,exchange_preexp_ddd,-.0161077219128275,.018020803,-.89384037,.37197453,23498,4040,0,0,0
dx_highgap,valuation,TobinQ,exchange_preexp_ddd,.04877263480772,.049888398,.97763479,.32887861,23526,4042,0,0,0
dx_wany,analyst_info,Analyst,exchange_preexp_ddd,-.0927183070226543,.044968512,-2.0618496,.03990335,23526,2633,1,1,0
dx_wany,analyst_info,ForecastDisp,exchange_preexp_ddd,.0033000290811302,.011317428,.29158825,.77080435,10411,1370,0,0,0
dx_wany,analyst_info,RatingDisp,exchange_preexp_ddd,.0172101592690461,.011498904,1.4966782,.13547195,12720,1647,0,0,0
dx_wany,analyst_info,ReportFreq,exchange_preexp_ddd,.0359831965037639,.027956946,1.2870933,.19897769,13349,1700,0,0,0
dx_wany,audit_accounting,AuditFee,exchange_preexp_ddd,-.0121571766309714,.015894666,-.7648589,.44483155,23497,2633,0,0,0
dx_wany,first_stage,DU_kw,exchange_preexp_ddd,.1535181985825189,.045468844,3.3763385,.00081059668,23526,2633,1,1,1
dx_wany,first_stage,HardCap_direct_v1,exchange_preexp_ddd,-.0041653519505354,.020907931,-.19922355,.84219474,23526,2633,0,0,0
dx_wany,first_stage,asset_trade_d,exchange_preexp_ddd,.0426013146643472,.013263333,3.2119617,.0014310159,23526,2633,1,1,1
dx_wany,first_stage,asset_trade_kw,exchange_preexp_ddd,.0429001116285863,.012217643,3.5113246,.0004996027,23526,2633,1,1,1
dx_wany,first_stage,has_data_content,exchange_preexp_ddd,-.1406120200468842,.013167812,-10.678464,1.9021708e-23,23524,2633,1,1,1
dx_wany,first_stage,ln_n_paragraphs,exchange_preexp_ddd,-.4182230902264616,.051069129,-8.189352,4.0612096e-15,23524,2633,1,1,1
dx_wany,first_stage,score1,exchange_preexp_ddd,-.1885988759161123,.042963214,-4.3897758,.000014734835,23524,2633,1,1,1
dx_wany,first_stage,score2,exchange_preexp_ddd,-.0098946474050945,.017839802,-.5546388,.57946891,23524,2633,0,0,0
dx_wany,first_stage,strict_at_d,exchange_preexp_ddd,.0324623544055178,.00955333,3.3980145,.00075077108,23526,2633,1,1,1
dx_wany,first_stage,strict_at_kw,exchange_preexp_ddd,.0167383897727825,.0046720435,3.5826697,.00038443558,23526,2633,1,1,1
dx_wany,mismatch_x,NarrHardGap_direct_v1,exchange_preexp_ddd,-.1023222324377053,.013339693,-7.6705093,1.4607721e-13,23526,2633,1,1,1
dx_wany,mismatch_x,NarrHardHushing_direct_v1,exchange_preexp_ddd,-.0002206429319072,.0084233871,-.026194086,.97911632,23526,2633,0,0,0
dx_wany,mismatch_x,NarrHardVerified_direct_v1,exchange_preexp_ddd,.0328613337920316,.012274803,2.6771374,.0077480874,23526,2633,1,1,1
dx_wany,mismatch_x,NarrHardWashing_direct_v1,exchange_preexp_ddd,-.1863490253483257,.0095461039,-19.52095,0,23526,2633,1,1,1
dx_wany,pricing_efficiency,PriceDelay,exchange_preexp_ddd,-.0004580998560671,.0052013765,-.088072814,.9298653,23526,2633,0,0,0
dx_wany,pricing_efficiency,SYNCH,exchange_preexp_ddd,-.0549281264547221,.023833521,-2.3046584,.021725563,23498,2633,1,1,0
dx_wany,valuation,TobinQ,exchange_preexp_ddd,-.0367869842006612,.026879149,-1.3686068,.17193291,23526,2633,0,0,0
dx_wmaj,analyst_info,Analyst,exchange_preexp_ddd,-.1002814562385761,.044159044,-2.2709155,.023712482,23526,2160,1,1,0
dx_wmaj,analyst_info,ForecastDisp,exchange_preexp_ddd,-.0037764773378903,.011010682,-.34298304,.73185301,10411,1116,0,0,0
dx_wmaj,analyst_info,RatingDisp,exchange_preexp_ddd,.0142226213109976,.0094348537,1.5074553,.13268988,12720,1337,0,0,0
dx_wmaj,analyst_info,ReportFreq,exchange_preexp_ddd,.0429937757509339,.04441734,.96795022,.33378896,13349,1381,0,0,0
dx_wmaj,audit_accounting,AuditFee,exchange_preexp_ddd,.0004002571896837,.019322865,.020714173,.98348457,23497,2160,0,0,0
dx_wmaj,first_stage,DU_kw,exchange_preexp_ddd,.1950978213821466,.063079625,3.0928817,.0021291089,23526,2160,1,1,1
dx_wmaj,first_stage,HardCap_direct_v1,exchange_preexp_ddd,-.0162017240118486,.018014368,-.89937788,.36902249,23526,2160,0,0,0
dx_wmaj,first_stage,asset_trade_d,exchange_preexp_ddd,.0488674519326222,.014356773,3.4037907,.00073553855,23526,2160,1,1,1
dx_wmaj,first_stage,asset_trade_kw,exchange_preexp_ddd,.0581477069867765,.01506123,3.8607543,.00013287413,23526,2160,1,1,1
dx_wmaj,first_stage,has_data_content,exchange_preexp_ddd,-.1350253869190399,.012041654,-11.213192,2.1491500e-25,23524,2160,1,1,1
dx_wmaj,first_stage,ln_n_paragraphs,exchange_preexp_ddd,-.4275979718446324,.054169722,-7.8936715,3.1909984e-14,23524,2160,1,1,1
dx_wmaj,first_stage,score1,exchange_preexp_ddd,-.2408535281728293,.042285927,-5.6958318,2.4663247e-08,23524,2160,1,1,1
dx_wmaj,first_stage,score2,exchange_preexp_ddd,-.0137651005613379,.018826077,-.73117203,.46512586,23524,2160,0,0,0
dx_wmaj,first_stage,strict_at_d,exchange_preexp_ddd,.0346369484810193,.011412888,3.0348978,.0025722284,23526,2160,1,1,1
dx_wmaj,first_stage,strict_at_kw,exchange_preexp_ddd,.0210271440155194,.0056229965,3.7394907,.00021286857,23526,2160,1,1,1
dx_wmaj,mismatch_x,NarrHardGap_direct_v1,exchange_preexp_ddd,-.0846883536024152,.010039714,-8.4353352,7.0319701e-16,23526,2160,1,1,1
dx_wmaj,mismatch_x,NarrHardHushing_direct_v1,exchange_preexp_ddd,-.0132043081436878,.0082573742,-1.599093,.11063323,23526,2160,0,0,0
dx_wmaj,mismatch_x,NarrHardVerified_direct_v1,exchange_preexp_ddd,.0208518459847115,.011081535,1.8816748,.060646333,23526,2160,1,0,0
dx_wmaj,mismatch_x,NarrHardWashing_direct_v1,exchange_preexp_ddd,-.1861065917714925,.011392229,-16.336275,0,23526,2160,1,1,1
dx_wmaj,pricing_efficiency,PriceDelay,exchange_preexp_ddd,.0036659537532018,.004962841,.73868048,.46055824,23526,2160,0,0,0
dx_wmaj,pricing_efficiency,SYNCH,exchange_preexp_ddd,-.0794209977221692,.023959652,-3.314781,.0010055798,23498,2160,1,1,1
dx_wmaj,valuation,TobinQ,exchange_preexp_ddd,.0221225026042551,.034857009,.63466442,.52603024,23526,2160,0,0,0
dx_wstr,analyst_info,Analyst,exchange_preexp_ddd,-.2190418457029743,.028505281,-7.6842551,1.3312820e-13,23526,1535,1,1,1
dx_wstr,analyst_info,ForecastDisp,exchange_preexp_ddd,.0045447249045515,.012346461,.36809939,.71306044,10411,772,0,0,0
dx_wstr,analyst_info,RatingDisp,exchange_preexp_ddd,.0120772106132248,.011037669,1.0941812,.27470621,12720,938,0,0,0
dx_wstr,analyst_info,ReportFreq,exchange_preexp_ddd,.0127034825131718,.051303405,.24761482,.80458879,13349,971,0,0,0
dx_wstr,audit_accounting,AuditFee,exchange_preexp_ddd,-.0170247122482304,.014136772,-1.2042857,.2292307,23497,1535,0,0,0
dx_wstr,first_stage,DU_kw,exchange_preexp_ddd,.2872484447818558,.069722891,4.1198583,.000046582885,23526,1535,1,1,1
dx_wstr,first_stage,HardCap_direct_v1,exchange_preexp_ddd,-.0155771231590489,.011221976,-1.3880908,.16592477,23526,1535,0,0,0
dx_wstr,first_stage,asset_trade_d,exchange_preexp_ddd,.065647432995934,.017751515,3.6981313,.0002492819,23526,1535,1,1,1
dx_wstr,first_stage,asset_trade_kw,exchange_preexp_ddd,.0939113545836209,.019860895,4.7284555,3.1960028e-06,23526,1535,1,1,1
dx_wstr,first_stage,has_data_content,exchange_preexp_ddd,-.1464206459346249,.013191594,-11.099542,5.6240571e-25,23524,1535,1,1,1
dx_wstr,first_stage,ln_n_paragraphs,exchange_preexp_ddd,-.534042936944946,.067529455,-7.9082966,2.8851765e-14,23524,1535,1,1,1
dx_wstr,first_stage,score1,exchange_preexp_ddd,-.3550697779379082,.049107142,-7.2305121,2.6780661e-12,23524,1535,1,1,1
dx_wstr,first_stage,score2,exchange_preexp_ddd,-.068366875046061,.033670358,-2.0304766,.04300588,23524,1535,1,1,0
dx_wstr,first_stage,strict_at_d,exchange_preexp_ddd,.0458367405794814,.01083472,4.2305422,.000029267916,23526,1535,1,1,1
dx_wstr,first_stage,strict_at_kw,exchange_preexp_ddd,.0328909964125812,.006714771,4.8983049,1.4343844e-06,23526,1535,1,1,1
dx_wstr,mismatch_x,NarrHardGap_direct_v1,exchange_preexp_ddd,-.076109057893912,.0098247584,-7.7466598,8.7221591e-14,23526,1535,1,1,1
dx_wstr,mismatch_x,NarrHardHushing_direct_v1,exchange_preexp_ddd,-.0163500385642583,.0079982579,-2.0441999,.041624423,23526,1535,1,1,0
dx_wstr,mismatch_x,NarrHardVerified_direct_v1,exchange_preexp_ddd,.0234771307264831,.0092730029,2.5317721,.011752023,23526,1535,1,1,0
dx_wstr,mismatch_x,NarrHardWashing_direct_v1,exchange_preexp_ddd,-.1056248285230677,.013465292,-7.8442287,4.4815534e-14,23526,1535,1,1,1
dx_wstr,pricing_efficiency,PriceDelay,exchange_preexp_ddd,-.0000837118327432,.004815381,-.017384259,.98613924,23526,1535,0,0,0
dx_wstr,pricing_efficiency,SYNCH,exchange_preexp_ddd,-.0524314538302287,.020938136,-2.5041127,.012695285,23498,1535,1,1,0
dx_wstr,valuation,TobinQ,exchange_preexp_ddd,.0723346781737957,.025246102,2.8651819,.0043999027,23526,1535,1,1,1
