exposure,y_family,y_name,event_year,coef,se,t_stat,p_value,N,sig_10,sig_05,sig_01
gap,analyst_info,Analyst,2019,.0732189645850363,.05870384,1.2472602,.221643,22096,0,0,0
gap,analyst_info,Analyst,2020,.0270568919881542,.038585294,.7012229,.4883948,22096,0,0,0
gap,analyst_info,Analyst,2021,.0159831063560272,.027521217,.58075577,.56560355,22096,0,0,0
gap,analyst_info,Analyst,2023,-.0374802250457155,.023177344,-1.6171061,.11598756,22096,0,0,0
gap,analyst_info,Analyst,2024,-.0283016994786036,.037532866,-.75405115,.45650837,22096,0,0,0
gap,analyst_info,ForecastDisp,2019,.0178491351757846,.022331642,.79927552,.43021256,9725,0,0,0
gap,analyst_info,ForecastDisp,2020,-.0112372096409306,.017749203,-.63311064,.5313046,9725,0,0,0
gap,analyst_info,ForecastDisp,2021,-.0160955385218979,.014427258,-1.115634,.27315268,9725,0,0,0
gap,analyst_info,ForecastDisp,2023,.0121814398730438,.014978989,.8132351,.42228559,9725,0,0,0
gap,analyst_info,ForecastDisp,2024,.0423105603811275,.015682865,2.6978846,.011187644,9725,1,1,1
gap,analyst_info,RatingDisp,2019,.0083127245426468,.0080800103,1.0288012,.31153384,11905,0,0,0
gap,analyst_info,RatingDisp,2020,.0241424492475911,.0080296537,3.0066614,.0052001607,11905,1,1,1
gap,analyst_info,RatingDisp,2021,.0023618684968398,.015141928,.15598202,.87705851,11905,0,0,0
gap,analyst_info,RatingDisp,2023,.0124229273265569,.012014792,1.0339694,.30914968,11905,0,0,0
gap,analyst_info,RatingDisp,2024,.0243180313145607,.0077075907,3.1550756,.0035556841,11905,1,1,1
gap,analyst_info,ReportFreq,2019,-.0879271235156117,.083370075,-1.0546606,.29973149,12451,0,0,0
gap,analyst_info,ReportFreq,2020,-.0457730099503843,.041825898,-1.0943701,.28222334,12451,0,0,0
gap,analyst_info,ReportFreq,2021,-.0619018083954343,.054742418,-1.1307832,.26681915,12451,0,0,0
gap,analyst_info,ReportFreq,2023,-.0281643418202486,.042879287,-.65682858,.51613802,12451,0,0,0
gap,analyst_info,ReportFreq,2024,-.0119938168032822,.040181153,-.29849359,.76731819,12451,0,0,0
gap,audit_accounting,AuditFee,2019,.0223333860646676,.01836787,1.2158942,.23320344,22068,0,0,0
gap,audit_accounting,AuditFee,2020,.0159362500748674,.01489306,1.0700454,.29286,22068,0,0,0
gap,audit_accounting,AuditFee,2021,.0120079481656062,.0096077835,1.2498145,.22072087,22068,0,0,0
gap,audit_accounting,AuditFee,2023,-.0144492781431946,.0075291502,-1.9191115,.064217046,22068,1,0,0
gap,audit_accounting,AuditFee,2024,-.0534006594185224,.0087616416,-6.0948238,9.3716341e-07,22068,1,1,1
gap,capital_allocation,InvestIneff,2019,-.0010527079462836,.0060581667,-.17376675,.86317855,19209,0,0,0
gap,capital_allocation,InvestIneff,2020,.0045789122536615,.0036830301,1.243246,.22309807,19209,0,0,0
gap,capital_allocation,InvestIneff,2021,.0011915998899251,.0042228154,.28218138,.77967983,19209,0,0,0
gap,capital_allocation,InvestIneff,2023,.0037830618900994,.0043206797,.87557107,.38799727,19209,0,0,0
gap,capital_allocation,InvestIneff,2024,.0050079571848949,.0035046064,1.4289643,.16301437,19209,0,0,0
gap,financing_constraint,SA,2019,-.000497329826101,.0013445605,-.36988282,.71398485,22096,0,0,0
gap,financing_constraint,SA,2020,.0014791311738584,.0013287804,1.1131494,.2742016,22096,0,0,0
gap,financing_constraint,SA,2021,.0006752789919625,.001159969,.58215261,.56467414,22096,0,0,0
gap,financing_constraint,SA,2023,-.0021534455107147,.0013181244,-1.6337194,.11243461,22096,0,0,0
gap,financing_constraint,SA,2024,-.0009090023289893,.0018140734,-.50108355,.61985201,22096,0,0,0
gap,investor_attention,InstHold,2019,-1.133893340738975,.36516199,-3.1051791,.0040436378,22080,1,1,1
gap,investor_attention,InstHold,2020,-.6234537496206668,.19432323,-3.2083337,.0030970061,22080,1,1,1
gap,investor_attention,InstHold,2021,-.6762956830842199,.20624714,-3.2790549,.0025746955,22080,1,1,1
gap,investor_attention,InstHold,2023,-.3089107091619446,.30217984,-1.0222744,.31456286,22080,0,0,0
gap,investor_attention,InstHold,2024,-.7315284162017955,.37908494,-1.9297217,.06283664,22080,1,0,0
gap,investor_attention,InstStable,2019,-.3211215519926284,.18619324,-1.724668,.094546407,22080,1,0,0
gap,investor_attention,InstStable,2020,-.1357366099860736,.1378347,-.98477817,.33235717,22080,0,0,0
gap,investor_attention,InstStable,2021,-.3654226438579349,.16768381,-2.1792362,.037034813,22080,1,1,0
gap,investor_attention,InstStable,2023,-.1115673639227788,.12124683,-.92016727,.36459076,22080,0,0,0
gap,investor_attention,InstStable,2024,-.2841662181305938,.20799263,-1.3662322,.18169567,22080,0,0,0
gap,operating_resilience,CashFlowVol,2019,-.0005900405617158,.0012041869,-.48999083,.62759036,22096,0,0,0
gap,operating_resilience,CashFlowVol,2020,-.0017664850311717,.00094163592,-1.8759745,.070102789,22096,1,0,0
gap,operating_resilience,CashFlowVol,2021,.0000237570308485,.0011766216,.020190883,.98402047,22096,0,0,0
gap,operating_resilience,CashFlowVol,2023,.0000345555677832,.00075631362,.045689467,.9638508,22096,0,0,0
gap,operating_resilience,CashFlowVol,2024,.0006213540353037,.0023951796,.25941855,.79702735,22096,0,0,0
gap,pricing_efficiency,PriceDelay,2019,-.0089175166220539,.00638645,-1.3963182,.17253767,22096,0,0,0
gap,pricing_efficiency,PriceDelay,2020,-.0163785511699073,.0050297766,-3.2563176,.002732655,22096,1,1,1
gap,pricing_efficiency,PriceDelay,2021,-.0370039782587425,.011193189,-3.3059371,.0023992211,22096,1,1,1
gap,pricing_efficiency,PriceDelay,2023,-.0123789050597561,.0049806996,-2.4853747,.018542726,22096,1,1,0
gap,pricing_efficiency,PriceDelay,2024,.0088509371227156,.0047075725,1.8801488,.069513626,22096,1,0,0
gap,productivity,TFP,2019,,,,,0,,,
gap,productivity,TFP,2020,,,,,0,,,
gap,productivity,TFP,2021,,,,,0,,,
gap,productivity,TFP,2023,,,,,0,,,
gap,productivity,TFP,2024,,,,,0,,,
gap,supply_chain,SCConc,2019,.6363689652300886,.67604637,.94130963,.35382417,21939,0,0,0
gap,supply_chain,SCConc,2020,.2763904587583164,.58482569,.47260314,.63980681,21939,0,0,0
gap,supply_chain,SCConc,2021,.1241230111593496,.4126747,.30077687,.76559275,21939,0,0,0
gap,supply_chain,SCConc,2023,.4353189016578111,.22159857,1.9644482,.058497112,21939,1,1,0
gap,supply_chain,SCConc,2024,.4273429461164835,.14519812,2.9431713,.0061047263,21939,1,1,1
gap,supply_chain,SuppConc,2019,.5339230381494938,.67550027,.79041129,.43529284,21886,0,0,0
gap,supply_chain,SuppConc,2020,-.2768604445639002,.61768466,-.44822294,.65710944,21886,0,0,0
gap,supply_chain,SuppConc,2021,.0413485725856081,.53833461,.076808311,.9392696,21886,0,0,0
gap,supply_chain,SuppConc,2023,.2825468959271616,.37322834,.75703496,.4547447,21886,0,0,0
gap,supply_chain,SuppConc,2024,.0468186491516124,.2725285,.17179358,.86471641,21886,0,0,0
gap,valuation,TobinQ,2019,-.1111090793523669,.037799031,-2.9394691,.0061618146,22096,1,1,1
gap,valuation,TobinQ,2020,-.0654306577668378,.024164248,-2.7077465,.01092336,22096,1,1,1
gap,valuation,TobinQ,2021,-.0302882424312494,.014125403,-2.1442392,.039964832,22096,1,1,0
gap,valuation,TobinQ,2023,.0122221630991227,.025057882,.48775721,.62915379,22096,0,0,0
gap,valuation,TobinQ,2024,.021797201931328,.030716062,.70963532,.48323423,22096,0,0,0
wany,analyst_info,Analyst,2019,.0022495749842543,.043167479,.052112725,.95877326,22096,0,0,0
wany,analyst_info,Analyst,2020,-.0039086957101618,.039376356,-.099265046,.92156696,22096,0,0,0
wany,analyst_info,Analyst,2021,-.0008791187187048,.025133204,-.034978379,.97232127,22096,0,0,0
wany,analyst_info,Analyst,2023,-.0408840533814227,.021967387,-1.8611251,.072233662,22096,1,0,0
wany,analyst_info,Analyst,2024,-.0539694339231361,.029382292,-1.8368013,.075844221,22096,1,0,0
wany,analyst_info,ForecastDisp,2019,.0114536212391745,.01703953,.6721794,.50644886,9725,0,0,0
wany,analyst_info,ForecastDisp,2020,.0104695229126982,.020986706,.4988645,.62139654,9725,0,0,0
wany,analyst_info,ForecastDisp,2021,.0094356190332237,.013687131,.68937892,.49571306,9725,0,0,0
wany,analyst_info,ForecastDisp,2023,.0069821020227338,.014787089,.47217557,.64010853,9725,0,0,0
wany,analyst_info,ForecastDisp,2024,.0421171116057925,.01142158,3.6875031,.00086342864,9725,1,1,1
wany,analyst_info,RatingDisp,2019,-.0057783188857947,.012885989,-.44841874,.65696973,11905,0,0,0
wany,analyst_info,RatingDisp,2020,.0087671175963212,.010678009,.82104421,.41789058,11905,0,0,0
wany,analyst_info,RatingDisp,2021,-.0099794564461081,.0092008254,-1.0846262,.28645068,11905,0,0,0
wany,analyst_info,RatingDisp,2023,.0057565890381565,.013752368,.41858894,.67840254,11905,0,0,0
wany,analyst_info,RatingDisp,2024,.0069468625998055,.013420989,.5176118,.60840338,11905,0,0,0
wany,analyst_info,ReportFreq,2019,-.1528989878844449,.063918211,-2.3921039,.023001647,12451,1,1,0
wany,analyst_info,ReportFreq,2020,-.0779731631126483,.041807801,-1.8650386,.071666732,12451,1,0,0
wany,analyst_info,ReportFreq,2021,-.0597848386599756,.061947625,-.96508688,.34197018,12451,0,0,0
wany,analyst_info,ReportFreq,2023,-.0520157320183667,.051707935,-1.0059526,.32222629,12451,0,0,0
wany,analyst_info,ReportFreq,2024,-.0556892127060054,.055232123,-1.0082759,.32112774,12451,0,0,0
wany,audit_accounting,AuditFee,2019,.0123487678236577,.018496431,.66762972,.50931001,22068,0,0,0
wany,audit_accounting,AuditFee,2020,.0088285569047087,.014828148,.59539169,.55590367,22068,0,0,0
wany,audit_accounting,AuditFee,2021,.0027111376434108,.0080201915,.33803901,.73761243,22068,0,0,0
wany,audit_accounting,AuditFee,2023,-.0090823609946609,.0058017899,-1.5654411,.1276318,22068,0,0,0
wany,audit_accounting,AuditFee,2024,-.0361609255101505,.0094437255,-3.8290954,.00058603578,22068,1,1,1
wany,capital_allocation,InvestIneff,2019,-.0006913946310615,.0063153151,-.10947904,.9135282,19209,0,0,0
wany,capital_allocation,InvestIneff,2020,.0022972662750633,.002753122,.83442223,.41042736,19209,0,0,0
wany,capital_allocation,InvestIneff,2021,.0000206994541519,.0031095101,.0066568218,.99473131,19209,0,0,0
wany,capital_allocation,InvestIneff,2023,.0008191234233549,.003509467,.23340394,.81698215,19209,0,0,0
wany,capital_allocation,InvestIneff,2024,-.0007496904614024,.0034105817,-.21981308,.82745779,19209,0,0,0
wany,financing_constraint,SA,2019,-.0014479948653546,.0010376301,-1.3954827,.17278703,22096,0,0,0
wany,financing_constraint,SA,2020,.0017318974091424,.0004666778,3.7111201,.00080960867,22096,1,1,1
wany,financing_constraint,SA,2021,.0010122710079088,.0010244695,.98809284,.33075714,22096,0,0,0
wany,financing_constraint,SA,2023,-.0031227767883596,.0014580883,-2.1416924,.040185891,22096,1,1,0
wany,financing_constraint,SA,2024,-.0018508872425998,.001453153,-1.2737043,.21223572,22096,0,0,0
wany,investor_attention,InstHold,2019,-1.206881360844701,.37205735,-3.2438047,.0028235025,22080,1,1,1
wany,investor_attention,InstHold,2020,-.729591788861647,.19320598,-3.7762382,.00067756645,22080,1,1,1
wany,investor_attention,InstHold,2021,-.522342195534534,.14822854,-3.5238976,.0013440368,22080,1,1,1
wany,investor_attention,InstHold,2023,-.4500566787797436,.18965594,-2.3730164,.024026765,22080,1,1,0
wany,investor_attention,InstHold,2024,-.8968651525764175,.2784408,-3.2210264,.0029963476,22080,1,1,1
wany,investor_attention,InstStable,2019,-.5850931965772135,.16477501,-3.5508611,.001250027,22080,1,1,1
wany,investor_attention,InstStable,2020,-.3839771674044639,.12150161,-3.160264,.0035082968,22080,1,1,1
wany,investor_attention,InstStable,2021,-.2939785309951056,.16479523,-1.7839019,.084232293,22080,1,0,0
wany,investor_attention,InstStable,2023,-.2127781005159795,.11175801,-1.9039181,.066239394,22080,1,0,0
wany,investor_attention,InstStable,2024,-.5656454279750421,.19398496,-2.9159241,.0065368493,22080,1,1,1
wany,operating_resilience,CashFlowVol,2019,.0008288888936094,.00095410482,.86876082,.39165449,22096,0,0,0
wany,operating_resilience,CashFlowVol,2020,-.0014585458816798,.00097824924,-1.4909757,.14607421,22096,0,0,0
wany,operating_resilience,CashFlowVol,2021,-.000688612585104,.00071643048,-.96117157,.3439036,22096,0,0,0
wany,operating_resilience,CashFlowVol,2023,-.0006446927646162,.00083431025,-.77272546,.44553688,22096,0,0,0
wany,operating_resilience,CashFlowVol,2024,-.0007021597261034,.0024651079,-.28483933,.7776615,22096,0,0,0
wany,pricing_efficiency,PriceDelay,2019,-.007170482020034,.005630624,-1.2734791,.21231452,22096,0,0,0
wany,pricing_efficiency,PriceDelay,2020,-.0126560427000112,.0043874788,-2.884582,.0070695495,22096,1,1,1
wany,pricing_efficiency,PriceDelay,2021,-.0325899536485855,.01114827,-2.9233193,.0064167972,22096,1,1,1
wany,pricing_efficiency,PriceDelay,2023,-.0036974430859215,.0048286547,-.76572943,.44962859,22096,0,0,0
wany,pricing_efficiency,PriceDelay,2024,.008311575230128,.0027810149,2.9886842,.0054425122,22096,1,1,1
wany,productivity,TFP,2019,,,,,0,,,
wany,productivity,TFP,2020,,,,,0,,,
wany,productivity,TFP,2021,,,,,0,,,
wany,productivity,TFP,2023,,,,,0,,,
wany,productivity,TFP,2024,,,,,0,,,
wany,supply_chain,SCConc,2019,.5720760696849987,.72580951,.78819036,.43657139,21939,0,0,0
wany,supply_chain,SCConc,2020,.1025947725503661,.58275849,.17605025,.86139953,21939,0,0,0
wany,supply_chain,SCConc,2021,-.2006662470871934,.33553046,-.59805673,.55414665,21939,0,0,0
wany,supply_chain,SCConc,2023,.1830846057377674,.1955857,.93608379,.35646558,21939,0,0,0
wany,supply_chain,SCConc,2024,.2513435802067535,.29755056,.8447088,.40474567,21939,0,0,0
wany,supply_chain,SuppConc,2019,.0497522885870387,.5021373,.099081047,.92171186,21886,0,0,0
wany,supply_chain,SuppConc,2020,-.5793136356974313,.56353152,-1.0280057,.31190193,21886,0,0,0
wany,supply_chain,SuppConc,2021,-.3510173058567353,.41911155,-.83752716,.40870717,21886,0,0,0
wany,supply_chain,SuppConc,2023,.2261514032090203,.25621518,.88266194,.38421258,21886,0,0,0
wany,supply_chain,SuppConc,2024,.4224043450177664,.28630766,1.4753512,.15020351,21886,0,0,0
wany,valuation,TobinQ,2019,-.0808333714920709,.036566515,-2.2105846,.034574751,22096,1,1,0
wany,valuation,TobinQ,2020,-.0370818625852953,.026742769,-1.3866127,.17545159,22096,0,0,0
wany,valuation,TobinQ,2021,-.0137564633512589,.012204994,-1.1271176,.26834184,22096,0,0,0
wany,valuation,TobinQ,2023,-.0117184009522395,.015051305,-.7785638,.44213936,22096,0,0,0
wany,valuation,TobinQ,2024,-.0090137319796982,.015443148,-.58367193,.56366408,22096,0,0,0
wmaj,analyst_info,Analyst,2019,.0022495749842543,.043167479,.052112725,.95877326,22096,0,0,0
wmaj,analyst_info,Analyst,2020,-.0039086957101618,.039376356,-.099265046,.92156696,22096,0,0,0
wmaj,analyst_info,Analyst,2021,-.0008791187187048,.025133204,-.034978379,.97232127,22096,0,0,0
wmaj,analyst_info,Analyst,2023,-.0408840533814227,.021967387,-1.8611251,.072233662,22096,1,0,0
wmaj,analyst_info,Analyst,2024,-.0539694339231361,.029382292,-1.8368013,.075844221,22096,1,0,0
wmaj,analyst_info,ForecastDisp,2019,.0114536212391745,.01703953,.6721794,.50644886,9725,0,0,0
wmaj,analyst_info,ForecastDisp,2020,.0104695229126982,.020986706,.4988645,.62139654,9725,0,0,0
wmaj,analyst_info,ForecastDisp,2021,.0094356190332237,.013687131,.68937892,.49571306,9725,0,0,0
wmaj,analyst_info,ForecastDisp,2023,.0069821020227338,.014787089,.47217557,.64010853,9725,0,0,0
wmaj,analyst_info,ForecastDisp,2024,.0421171116057925,.01142158,3.6875031,.00086342864,9725,1,1,1
wmaj,analyst_info,RatingDisp,2019,-.0057783188857947,.012885989,-.44841874,.65696973,11905,0,0,0
wmaj,analyst_info,RatingDisp,2020,.0087671175963212,.010678009,.82104421,.41789058,11905,0,0,0
wmaj,analyst_info,RatingDisp,2021,-.0099794564461081,.0092008254,-1.0846262,.28645068,11905,0,0,0
wmaj,analyst_info,RatingDisp,2023,.0057565890381565,.013752368,.41858894,.67840254,11905,0,0,0
wmaj,analyst_info,RatingDisp,2024,.0069468625998055,.013420989,.5176118,.60840338,11905,0,0,0
wmaj,analyst_info,ReportFreq,2019,-.1528989878844449,.063918211,-2.3921039,.023001647,12451,1,1,0
wmaj,analyst_info,ReportFreq,2020,-.0779731631126483,.041807801,-1.8650386,.071666732,12451,1,0,0
wmaj,analyst_info,ReportFreq,2021,-.0597848386599756,.061947625,-.96508688,.34197018,12451,0,0,0
wmaj,analyst_info,ReportFreq,2023,-.0520157320183667,.051707935,-1.0059526,.32222629,12451,0,0,0
wmaj,analyst_info,ReportFreq,2024,-.0556892127060054,.055232123,-1.0082759,.32112774,12451,0,0,0
wmaj,audit_accounting,AuditFee,2019,.0123487678236577,.018496431,.66762972,.50931001,22068,0,0,0
wmaj,audit_accounting,AuditFee,2020,.0088285569047087,.014828148,.59539169,.55590367,22068,0,0,0
wmaj,audit_accounting,AuditFee,2021,.0027111376434108,.0080201915,.33803901,.73761243,22068,0,0,0
wmaj,audit_accounting,AuditFee,2023,-.0090823609946609,.0058017899,-1.5654411,.1276318,22068,0,0,0
wmaj,audit_accounting,AuditFee,2024,-.0361609255101505,.0094437255,-3.8290954,.00058603578,22068,1,1,1
wmaj,capital_allocation,InvestIneff,2019,-.0006913946310615,.0063153151,-.10947904,.9135282,19209,0,0,0
wmaj,capital_allocation,InvestIneff,2020,.0022972662750633,.002753122,.83442223,.41042736,19209,0,0,0
wmaj,capital_allocation,InvestIneff,2021,.0000206994541519,.0031095101,.0066568218,.99473131,19209,0,0,0
wmaj,capital_allocation,InvestIneff,2023,.0008191234233549,.003509467,.23340394,.81698215,19209,0,0,0
wmaj,capital_allocation,InvestIneff,2024,-.0007496904614024,.0034105817,-.21981308,.82745779,19209,0,0,0
wmaj,financing_constraint,SA,2019,-.0014479948653546,.0010376301,-1.3954827,.17278703,22096,0,0,0
wmaj,financing_constraint,SA,2020,.0017318974091424,.0004666778,3.7111201,.00080960867,22096,1,1,1
wmaj,financing_constraint,SA,2021,.0010122710079088,.0010244695,.98809284,.33075714,22096,0,0,0
wmaj,financing_constraint,SA,2023,-.0031227767883596,.0014580883,-2.1416924,.040185891,22096,1,1,0
wmaj,financing_constraint,SA,2024,-.0018508872425998,.001453153,-1.2737043,.21223572,22096,0,0,0
wmaj,investor_attention,InstHold,2019,-1.206881360844701,.37205735,-3.2438047,.0028235025,22080,1,1,1
wmaj,investor_attention,InstHold,2020,-.729591788861647,.19320598,-3.7762382,.00067756645,22080,1,1,1
wmaj,investor_attention,InstHold,2021,-.522342195534534,.14822854,-3.5238976,.0013440368,22080,1,1,1
wmaj,investor_attention,InstHold,2023,-.4500566787797436,.18965594,-2.3730164,.024026765,22080,1,1,0
wmaj,investor_attention,InstHold,2024,-.8968651525764175,.2784408,-3.2210264,.0029963476,22080,1,1,1
wmaj,investor_attention,InstStable,2019,-.5850931965772135,.16477501,-3.5508611,.001250027,22080,1,1,1
wmaj,investor_attention,InstStable,2020,-.3839771674044639,.12150161,-3.160264,.0035082968,22080,1,1,1
wmaj,investor_attention,InstStable,2021,-.2939785309951056,.16479523,-1.7839019,.084232293,22080,1,0,0
wmaj,investor_attention,InstStable,2023,-.2127781005159795,.11175801,-1.9039181,.066239394,22080,1,0,0
wmaj,investor_attention,InstStable,2024,-.5656454279750421,.19398496,-2.9159241,.0065368493,22080,1,1,1
wmaj,operating_resilience,CashFlowVol,2019,.0008288888936094,.00095410482,.86876082,.39165449,22096,0,0,0
wmaj,operating_resilience,CashFlowVol,2020,-.0014585458816798,.00097824924,-1.4909757,.14607421,22096,0,0,0
wmaj,operating_resilience,CashFlowVol,2021,-.000688612585104,.00071643048,-.96117157,.3439036,22096,0,0,0
wmaj,operating_resilience,CashFlowVol,2023,-.0006446927646162,.00083431025,-.77272546,.44553688,22096,0,0,0
wmaj,operating_resilience,CashFlowVol,2024,-.0007021597261034,.0024651079,-.28483933,.7776615,22096,0,0,0
wmaj,pricing_efficiency,PriceDelay,2019,-.007170482020034,.005630624,-1.2734791,.21231452,22096,0,0,0
wmaj,pricing_efficiency,PriceDelay,2020,-.0126560427000112,.0043874788,-2.884582,.0070695495,22096,1,1,1
wmaj,pricing_efficiency,PriceDelay,2021,-.0325899536485855,.01114827,-2.9233193,.0064167972,22096,1,1,1
wmaj,pricing_efficiency,PriceDelay,2023,-.0036974430859215,.0048286547,-.76572943,.44962859,22096,0,0,0
wmaj,pricing_efficiency,PriceDelay,2024,.008311575230128,.0027810149,2.9886842,.0054425122,22096,1,1,1
wmaj,productivity,TFP,2019,,,,,0,,,
wmaj,productivity,TFP,2020,,,,,0,,,
wmaj,productivity,TFP,2021,,,,,0,,,
wmaj,productivity,TFP,2023,,,,,0,,,
wmaj,productivity,TFP,2024,,,,,0,,,
wmaj,supply_chain,SCConc,2019,.5720760696849987,.72580951,.78819036,.43657139,21939,0,0,0
wmaj,supply_chain,SCConc,2020,.1025947725503661,.58275849,.17605025,.86139953,21939,0,0,0
wmaj,supply_chain,SCConc,2021,-.2006662470871934,.33553046,-.59805673,.55414665,21939,0,0,0
wmaj,supply_chain,SCConc,2023,.1830846057377674,.1955857,.93608379,.35646558,21939,0,0,0
wmaj,supply_chain,SCConc,2024,.2513435802067535,.29755056,.8447088,.40474567,21939,0,0,0
wmaj,supply_chain,SuppConc,2019,.0497522885870387,.5021373,.099081047,.92171186,21886,0,0,0
wmaj,supply_chain,SuppConc,2020,-.5793136356974313,.56353152,-1.0280057,.31190193,21886,0,0,0
wmaj,supply_chain,SuppConc,2021,-.3510173058567353,.41911155,-.83752716,.40870717,21886,0,0,0
wmaj,supply_chain,SuppConc,2023,.2261514032090203,.25621518,.88266194,.38421258,21886,0,0,0
wmaj,supply_chain,SuppConc,2024,.4224043450177664,.28630766,1.4753512,.15020351,21886,0,0,0
wmaj,valuation,TobinQ,2019,-.0808333714920709,.036566515,-2.2105846,.034574751,22096,1,1,0
wmaj,valuation,TobinQ,2020,-.0370818625852953,.026742769,-1.3866127,.17545159,22096,0,0,0
wmaj,valuation,TobinQ,2021,-.0137564633512589,.012204994,-1.1271176,.26834184,22096,0,0,0
wmaj,valuation,TobinQ,2023,-.0117184009522395,.015051305,-.7785638,.44213936,22096,0,0,0
wmaj,valuation,TobinQ,2024,-.0090137319796982,.015443148,-.58367193,.56366408,22096,0,0,0
wstr,analyst_info,Analyst,2019,.1033114988419964,.057078566,1.8099875,.080002263,22096,1,0,0
wstr,analyst_info,Analyst,2020,.0809974951680509,.055830792,1.4507674,.15688899,22096,0,0,0
wstr,analyst_info,Analyst,2021,.0176310989787578,.038149491,.46215817,.64719522,22096,0,0,0
wstr,analyst_info,Analyst,2023,-.0561959949945781,.020544939,-2.7352719,.010216185,22096,1,1,1
wstr,analyst_info,Analyst,2024,-.0730179253610018,.038150772,-1.9139305,.064900585,22096,1,0,0
wstr,analyst_info,ForecastDisp,2019,.0410164615238077,.014896716,2.7533896,.0097742826,9725,1,1,1
wstr,analyst_info,ForecastDisp,2020,.0377096341971601,.015884608,2.3739734,.023974394,9725,1,1,0
wstr,analyst_info,ForecastDisp,2021,.0193213917233079,.017403828,1.1101806,.27545878,9725,0,0,0
wstr,analyst_info,ForecastDisp,2023,.0068690983016978,.021615775,.31778172,.75278127,9725,0,0,0
wstr,analyst_info,ForecastDisp,2024,.063513259108875,.0080079501,7.9312758,5.9279821e-09,9725,1,1,1
wstr,analyst_info,RatingDisp,2019,.0033235303170627,.015475344,.21476294,.83135873,11905,0,0,0
wstr,analyst_info,RatingDisp,2020,.01443997497038,.0084602851,1.7067955,.097859792,11905,1,0,0
wstr,analyst_info,RatingDisp,2021,-.0097876300499227,.013535317,-.72311789,.47502849,11905,0,0,0
wstr,analyst_info,RatingDisp,2023,.0018908565653678,.015092373,.12528557,.90110642,11905,0,0,0
wstr,analyst_info,RatingDisp,2024,.0134078749995642,.02019871,.66379857,.51172626,11905,0,0,0
wstr,analyst_info,ReportFreq,2019,-.0701334191505617,.10766413,-.65140933,.51958257,12451,0,0,0
wstr,analyst_info,ReportFreq,2020,-.0014413161773509,.058405425,-.024677778,.98047018,12451,0,0,0
wstr,analyst_info,ReportFreq,2021,-.0420291436792357,.09001831,-.46689549,.6438396,12451,0,0,0
wstr,analyst_info,ReportFreq,2023,-.0466455928957608,.061039321,-.76418924,.45053238,12451,0,0,0
wstr,analyst_info,ReportFreq,2024,-.0451360266641429,.031333148,-1.44052,.15974472,12451,0,0,0
wstr,audit_accounting,AuditFee,2019,.0172912252953614,.017528914,.98644018,.33155423,22068,0,0,0
wstr,audit_accounting,AuditFee,2020,.0128287772582001,.013600064,.94328803,.35282758,22068,0,0,0
wstr,audit_accounting,AuditFee,2021,.0039930221011568,.0088839112,.44946668,.65622199,22068,0,0,0
wstr,audit_accounting,AuditFee,2023,-.0125389092137203,.0085516078,-1.4662634,.1526479,22068,0,0,0
wstr,audit_accounting,AuditFee,2024,-.026863426913635,.0098580951,-2.7250118,.010474638,22068,1,1,1
wstr,capital_allocation,InvestIneff,2019,-.0082597551115664,.0060755471,-1.359508,.18379326,19209,0,0,0
wstr,capital_allocation,InvestIneff,2020,.0114679254032312,.0044257157,2.5912025,.014452467,19209,1,1,1
wstr,capital_allocation,InvestIneff,2021,-.0018126451153242,.0027035957,-.67045718,.50753087,19209,0,0,0
wstr,capital_allocation,InvestIneff,2023,-.0010385804638567,.0024915601,-.41683942,.67966831,19209,0,0,0
wstr,capital_allocation,InvestIneff,2024,-.0032009752181266,.0019520033,-1.6398411,.11114834,19209,0,0,0
wstr,financing_constraint,SA,2019,-.0027522041946508,.00099193456,-2.7745824,.0092800539,22096,1,1,1
wstr,financing_constraint,SA,2020,.001468648029654,.0012014763,1.2223696,.23078081,22096,0,0,0
wstr,financing_constraint,SA,2021,-.0007855412132992,.0011889181,-.66071939,.51367277,22096,0,0,0
wstr,financing_constraint,SA,2023,-.0029000645367442,.0017730853,-1.6356034,.11203745,22096,0,0,0
wstr,financing_constraint,SA,2024,-.002261537634964,.0025891066,-.87348187,.38911685,22096,0,0,0
wstr,investor_attention,InstHold,2019,-1.459879837045159,.45935878,-3.1780818,.0033501077,22080,1,1,1
wstr,investor_attention,InstHold,2020,-.7878165761427857,.27653033,-2.8489337,.0077250274,22080,1,1,1
wstr,investor_attention,InstHold,2021,-.3792128918282237,.27483678,-1.3797749,.17752753,22080,0,0,0
wstr,investor_attention,InstHold,2023,-.9274289349646847,.31930465,-2.9045269,.0067260256,22080,1,1,1
wstr,investor_attention,InstHold,2024,-1.65817333378819,.29838827,-5.5570998,4.3474802e-06,22080,1,1,1
wstr,investor_attention,InstStable,2019,-.3819470811328046,.28702521,-1.3307092,.19299053,22080,0,0,0
wstr,investor_attention,InstStable,2020,-.2556575853390498,.2320829,-1.1015787,.27912459,22080,0,0,0
wstr,investor_attention,InstStable,2021,-.3166499220690278,.15676852,-2.0198567,.052113298,22080,1,1,0
wstr,investor_attention,InstStable,2023,-.232433490107687,.21498795,-1.0811466,.28797114,22080,0,0,0
wstr,investor_attention,InstStable,2024,-.7275224422704686,.24168986,-3.0101488,.0051543475,22080,1,1,1
wstr,operating_resilience,CashFlowVol,2019,-.0007708207712582,.0024393552,-.31599364,.75412512,22096,0,0,0
wstr,operating_resilience,CashFlowVol,2020,-.0017612433962362,.0018346291,-.95999968,.34448367,22096,0,0,0
wstr,operating_resilience,CashFlowVol,2021,-.0005295673341375,.0014605154,-.36258933,.71937215,22096,0,0,0
wstr,operating_resilience,CashFlowVol,2023,-.0004816903038649,.0013004062,-.37041527,.71359211,22096,0,0,0
wstr,operating_resilience,CashFlowVol,2024,.0017283112810421,.002253836,.76683098,.44898283,22096,0,0,0
wstr,pricing_efficiency,PriceDelay,2019,-.012286388493125,.0072705476,-1.6898849,.10108384,22096,1,0,0
wstr,pricing_efficiency,PriceDelay,2020,-.0151763112509302,.0057867584,-2.6225929,.013410193,22096,1,1,1
wstr,pricing_efficiency,PriceDelay,2021,-.0302113776771732,.010961832,-2.7560518,.0097108753,22096,1,1,1
wstr,pricing_efficiency,PriceDelay,2023,-.0121065982880352,.0068831369,-1.758878,.088467062,22096,1,0,0
wstr,pricing_efficiency,PriceDelay,2024,.0018346371392121,.0064171297,.28589684,.77685893,22096,0,0,0
wstr,productivity,TFP,2019,,,,,0,,,
wstr,productivity,TFP,2020,,,,,0,,,
wstr,productivity,TFP,2021,,,,,0,,,
wstr,productivity,TFP,2023,,,,,0,,,
wstr,productivity,TFP,2024,,,,,0,,,
wstr,supply_chain,SCConc,2019,.7342891883799295,.66345674,1.1067628,.27691117,21939,0,0,0
wstr,supply_chain,SCConc,2020,.2347531560220119,.64361358,.3647424,.71778023,21939,0,0,0
wstr,supply_chain,SCConc,2021,.1258601311894997,.41310391,.30466944,.76265401,21939,0,0,0
wstr,supply_chain,SCConc,2023,.1595819719063518,.4137921,.38565737,.70238435,21939,0,0,0
wstr,supply_chain,SCConc,2024,.2734546678230583,.59315687,.46101576,.64800555,21939,0,0,0
wstr,supply_chain,SuppConc,2019,1.419298105704924,.68637264,2.0678244,.047088787,21886,1,1,0
wstr,supply_chain,SuppConc,2020,.4894484612845904,.63116765,.77546507,.44394064,21886,0,0,0
wstr,supply_chain,SuppConc,2021,.3165626138096149,.52517527,.60277516,.55104285,21886,0,0,0
wstr,supply_chain,SuppConc,2023,.1112639976547174,.49671328,.22400045,.82422674,21886,0,0,0
wstr,supply_chain,SuppConc,2024,-.0488120691754688,.65120006,-.074957103,.94073045,21886,0,0,0
wstr,valuation,TobinQ,2019,-.0734751833616654,.046959966,-1.5646346,.12782089,22096,0,0,0
wstr,valuation,TobinQ,2020,-.0550119269712207,.049627393,-1.1084992,.27617258,22096,0,0,0
wstr,valuation,TobinQ,2021,-.0653588733114357,.035354875,-1.8486524,.074066222,22096,1,0,0
wstr,valuation,TobinQ,2023,.0373348912471448,.022439273,1.6638192,.10622685,22096,1,0,0
wstr,valuation,TobinQ,2024,.054997745478142,.02399567,2.2919862,.028856637,22096,1,1,0
