sample,outcome,exposure,spec,status,coef,se_city_cluster,t,p,sig,n_input,treated_x_obs,clusters_city,y_mean,expected_sign
all,risk_quality_index,natural_pre,main_fe,ok,-0.028084852157127915,0.033243919483366954,-0.8448117007135608,0.3990079014742087,,26541,997,406,-0.01877951288985768,1
all,risk_quality_index,natural_pre,plus_exposure_group_year_fe,ok,-0.06612164050061504,0.03633380218748384,-1.8198381815210198,0.06995607252735736,*,26541,997,406,-0.01877951288985768,1
all,risk_quality_index,failure_cost_pre,main_fe,ok,0.035886207978254724,0.062201105327728545,0.5769384288136928,0.5644900162951445,,26541,1210,406,-0.01877951288985768,1
all,risk_quality_index,failure_cost_pre,plus_exposure_group_year_fe,ok,0.007147625928900125,0.06691271516140636,0.10682014489561026,0.9150156555101261,,26541,1210,406,-0.01877951288985768,1
all,risk_quality_index,private_pre,main_fe,ok,-0.027264344381624884,0.025116443748213264,-1.0855177052509442,0.27871756402485404,,26541,972,406,-0.01877951288985768,1
all,risk_quality_index,private_pre,plus_exposure_group_year_fe,ok,-0.058721264411563175,0.03296589395192955,-1.781273230363168,0.07605803473300843,*,26541,972,406,-0.01877951288985768,1
all,risk_quality_index,high_lev_pre,main_fe,ok,0.06732632713418216,0.033116642993676615,2.0330057955160985,0.04308779397334206,**,26541,595,406,-0.01877951288985768,1
all,risk_quality_index,high_lev_pre,plus_exposure_group_year_fe,ok,0.062178794586857884,0.035529962127163854,1.750038301879306,0.08131448617891746,*,26541,595,406,-0.01877951288985768,1
all,risk_quality_index,natural_highlev_pre,main_fe,ok,0.02357115621397878,0.04430698977127649,0.5319963359203332,0.595191716240417,,26541,400,406,-0.01877951288985768,1
all,risk_quality_index,natural_highlev_pre,plus_exposure_group_year_fe,ok,-0.0067674164857718455,0.04415834211374263,-0.15325340947675073,0.8783196437718579,,26541,400,406,-0.01877951288985768,1
all,risk_quality_index,private_highlev_pre,main_fe,ok,0.04169937849940155,0.04076375030859925,1.0229524561336774,0.3072997866325804,,26541,410,406,-0.01877951288985768,1
all,risk_quality_index,private_highlev_pre,plus_exposure_group_year_fe,ok,0.01783405643376662,0.04328231061936477,0.4120403041927146,0.680656036826508,,26541,410,406,-0.01877951288985768,1
all,risk_specificity_index,natural_pre,main_fe,ok,-0.039788341967845656,0.03840987325625269,-1.0358883952153777,0.3012355461548504,,26541,997,406,-0.0117264300983227,1
all,risk_specificity_index,natural_pre,plus_exposure_group_year_fe,ok,-0.06452832594126143,0.03971832062336106,-1.624648900772202,0.10547273826541592,,26541,997,406,-0.0117264300983227,1
all,risk_specificity_index,failure_cost_pre,main_fe,ok,0.02206970056864407,0.06151867770383899,0.35874796716033513,0.7200804821979738,,26541,1210,406,-0.0117264300983227,1
all,risk_specificity_index,failure_cost_pre,plus_exposure_group_year_fe,ok,0.008992615884169917,0.06533791698711011,0.13763242384883473,0.8906395414695831,,26541,1210,406,-0.0117264300983227,1
all,risk_specificity_index,private_pre,main_fe,ok,-0.04758396610483204,0.03170403701030461,-1.5008803481198956,0.1346236777947769,,26541,972,406,-0.0117264300983227,1
all,risk_specificity_index,private_pre,plus_exposure_group_year_fe,ok,-0.06787315167986105,0.03565252513942784,-1.9037403778393434,0.058069759757637396,*,26541,972,406,-0.0117264300983227,1
all,risk_specificity_index,high_lev_pre,main_fe,ok,0.07812482291708223,0.02842446832650382,2.7485060413332807,0.006414521387628103,***,26541,595,406,-0.0117264300983227,1
all,risk_specificity_index,high_lev_pre,plus_exposure_group_year_fe,ok,0.07372373890715707,0.03281825504822013,2.2464247047514925,0.02553304168686643,**,26541,595,406,-0.0117264300983227,1
all,risk_specificity_index,natural_highlev_pre,main_fe,ok,0.015354005422869877,0.035146376937103437,0.43685883897355327,0.6625834200891105,,26541,400,406,-0.0117264300983227,1
all,risk_specificity_index,natural_highlev_pre,plus_exposure_group_year_fe,ok,-0.008420192233707671,0.03750227907116722,-0.22452481401807248,0.8225287631542841,,26541,400,406,-0.0117264300983227,1
all,risk_specificity_index,private_highlev_pre,main_fe,ok,0.027860844604797215,0.03278229222511989,0.8498748169735505,0.3961919127656035,,26541,410,406,-0.0117264300983227,1
all,risk_specificity_index,private_highlev_pre,plus_exposure_group_year_fe,ok,0.0088864417110245,0.03642075170145771,0.24399391269754672,0.8074317269403433,,26541,410,406,-0.0117264300983227,1
all,risk_chars_ln,natural_pre,main_fe,ok,0.19282110790081786,0.12563559353493484,1.5347649696676213,0.12608134311011376,,26541,997,406,5.131732949998318,1
all,risk_chars_ln,natural_pre,plus_exposure_group_year_fe,ok,0.028135869952114808,0.13631302862668107,0.20640631519654803,0.8366382445368541,,26541,997,406,5.131732949998318,1
all,risk_chars_ln,failure_cost_pre,main_fe,ok,0.33362045679108204,0.22588026545994586,1.4769792133533737,0.14091511618433716,,26541,1210,406,5.131732949998318,1
all,risk_chars_ln,failure_cost_pre,plus_exposure_group_year_fe,ok,0.1783816394466933,0.22407567876478093,0.7960776485427762,0.4267273718295006,,26541,1210,406,5.131732949998318,1
all,risk_chars_ln,private_pre,main_fe,ok,0.2132103682709163,0.08968224473596918,2.3773977658411938,0.018173340760413437,**,26541,972,406,5.131732949998318,1
all,risk_chars_ln,private_pre,plus_exposure_group_year_fe,ok,0.08080151004801542,0.10636251372240924,0.7596803349241601,0.44814741722182383,,26541,972,406,5.131732949998318,1
all,risk_chars_ln,high_lev_pre,main_fe,ok,0.10945978733322012,0.09128449430166923,1.199106027486845,0.23159978536828474,,26541,595,406,5.131732949998318,1
all,risk_chars_ln,high_lev_pre,plus_exposure_group_year_fe,ok,0.07731046316388993,0.10202405020012312,0.7577670462233486,0.4492901446581319,,26541,595,406,5.131732949998318,1
all,risk_chars_ln,natural_highlev_pre,main_fe,ok,0.1676364992702955,0.11954690672018405,1.4022654694250831,0.16205216126828814,,26541,400,406,5.131732949998318,1
all,risk_chars_ln,natural_highlev_pre,plus_exposure_group_year_fe,ok,0.05278349214423874,0.1222535372900855,0.43175431414301796,0.6662848114628184,,26541,400,406,5.131732949998318,1
all,risk_chars_ln,private_highlev_pre,main_fe,ok,0.24250680120501164,0.10838833754428676,2.237388327004508,0.026125256632304472,**,26541,410,406,5.131732949998318,1
all,risk_chars_ln,private_highlev_pre,plus_exposure_group_year_fe,ok,0.13206746519019621,0.1157348530067255,1.1411209480909057,0.2548901067975873,,26541,410,406,5.131732949998318,1
all,risk_detail_per10k,natural_pre,main_fe,ok,4.522709591736632,18.56688196061451,0.24359015161137718,0.8077441072053877,,26541,997,406,346.9243290147497,1
all,risk_detail_per10k,natural_pre,plus_exposure_group_year_fe,ok,-2.249447582070906,19.080156604889897,-0.11789460792446607,0.9062439756291025,,26541,997,406,346.9243290147497,1
all,risk_detail_per10k,failure_cost_pre,main_fe,ok,12.386802565882261,27.208253969557358,0.45525900264462205,0.649310298699695,,26541,1210,406,346.9243290147497,1
all,risk_detail_per10k,failure_cost_pre,plus_exposure_group_year_fe,ok,11.984360580578455,26.146895999452205,0.4583473533848735,0.6470932780236467,,26541,1210,406,346.9243290147497,1
all,risk_detail_per10k,private_pre,main_fe,ok,-1.7427091497807885,13.30756865261651,-0.13095623966126527,0.8959131797282964,,26541,972,406,346.9243290147497,1
all,risk_detail_per10k,private_pre,plus_exposure_group_year_fe,ok,-8.324474806463224,14.605131354946833,-0.5699691844020068,0.5692004059086795,,26541,972,406,346.9243290147497,1
all,risk_detail_per10k,high_lev_pre,main_fe,ok,18.839433706862376,16.692654623854818,1.1286062122162213,0.26012465803079454,,26541,595,406,346.9243290147497,1
all,risk_detail_per10k,high_lev_pre,plus_exposure_group_year_fe,ok,19.68634519838602,17.236327709873937,1.1421426611138623,0.25446603054542427,,26541,595,406,346.9243290147497,1
all,risk_detail_per10k,natural_highlev_pre,main_fe,ok,7.722731617453284,18.904526294135227,0.40851230532283245,0.6832404362338145,,26541,400,406,346.9243290147497,1
all,risk_detail_per10k,natural_highlev_pre,plus_exposure_group_year_fe,ok,5.965019507336364,19.545924281819836,0.3051797101702978,0.7604782366282039,,26541,400,406,346.9243290147497,1
all,risk_detail_per10k,private_highlev_pre,main_fe,ok,11.832340521150865,18.310796401008737,0.6461947510103397,0.5187343610673243,,26541,410,406,346.9243290147497,1
all,risk_detail_per10k,private_highlev_pre,plus_exposure_group_year_fe,ok,11.304963584884256,18.915384185821488,0.5976597394917403,0.5505973678388267,,26541,410,406,346.9243290147497,1
all,risk_category_count,natural_pre,main_fe,ok,-0.06204623729990416,0.07476215534314175,-0.8299150421108871,0.40736308336227567,,26541,997,406,2.562978033985155,1
all,risk_category_count,natural_pre,plus_exposure_group_year_fe,ok,-0.19880603402190117,0.09378787132945059,-2.1197414036997504,0.03499411186940171,**,26541,997,406,2.562978033985155,1
all,risk_category_count,failure_cost_pre,main_fe,ok,0.04675577685718451,0.14953463509547513,0.31267523291397875,0.7547829680784512,,26541,1210,406,2.562978033985155,1
all,risk_category_count,failure_cost_pre,plus_exposure_group_year_fe,ok,0.019182663288058097,0.14812181093840207,0.12950600027456724,0.8970593701470271,,26541,1210,406,2.562978033985155,1
all,risk_category_count,private_pre,main_fe,ok,0.018700051034393574,0.05174541149511466,0.3613856860749685,0.718110389163245,,26541,972,406,2.562978033985155,1
all,risk_category_count,private_pre,plus_exposure_group_year_fe,ok,-0.09555865162110873,0.08686989644534329,-1.1000203238555972,0.2723606383549133,,26541,972,406,2.562978033985155,1
all,risk_category_count,high_lev_pre,main_fe,ok,0.04655507325509561,0.11072530891697983,0.42045557344077406,0.6745067736296417,,26541,595,406,2.562978033985155,1
all,risk_category_count,high_lev_pre,plus_exposure_group_year_fe,ok,0.07020444479867836,0.10752967071825709,0.6528844023211409,0.5144189790618703,,26541,595,406,2.562978033985155,1
all,risk_category_count,natural_highlev_pre,main_fe,ok,-0.011772240555078107,0.17126983593261658,-0.0687350489417746,0.9452543863643434,,26541,400,406,2.562978033985155,1
all,risk_category_count,natural_highlev_pre,plus_exposure_group_year_fe,ok,-0.04362790399497683,0.16627933137757714,-0.26237719164211215,0.7932424940519107,,26541,400,406,2.562978033985155,1
all,risk_category_count,private_highlev_pre,main_fe,ok,0.0662867465878624,0.1449133110893296,0.4574234491612779,0.6477561880443221,,26541,410,406,2.562978033985155,1
all,risk_category_count,private_highlev_pre,plus_exposure_group_year_fe,ok,0.05407961758883257,0.14799092075398926,0.36542523901673063,0.7150969315109124,,26541,410,406,2.562978033985155,1
all,risk_debt_per10k,natural_pre,main_fe,ok,1.7062612079654138,1.0200763176080587,1.672679953953216,0.09561670456880744,*,26541,997,406,4.667098780491121,1
all,risk_debt_per10k,natural_pre,plus_exposure_group_year_fe,ok,0.6686753382647367,1.1907431782094884,0.5615613429507266,0.5749081222286017,,26541,997,406,4.667098780491121,1
all,risk_debt_per10k,failure_cost_pre,main_fe,ok,2.797584215877914,1.4669629240979094,1.9070585697305564,0.057636705200531546,*,26541,1210,406,4.667098780491121,1
all,risk_debt_per10k,failure_cost_pre,plus_exposure_group_year_fe,ok,3.0717680048935416,1.4893612244476766,2.0624734647786296,0.040175581166542296,**,26541,1210,406,4.667098780491121,1
all,risk_debt_per10k,private_pre,main_fe,ok,0.9012167498094766,0.6951038526986999,1.2965210109403875,0.19596809254605585,,26541,972,406,4.667098780491121,1
all,risk_debt_per10k,private_pre,plus_exposure_group_year_fe,ok,-0.13604964566225902,0.9081962127266796,-0.14980204030337987,0.8810392142556622,,26541,972,406,4.667098780491121,1
all,risk_debt_per10k,high_lev_pre,main_fe,ok,1.363715286875099,0.8160335065500862,1.671151093587353,0.0959185784639125,*,26541,595,406,4.667098780491121,1
all,risk_debt_per10k,high_lev_pre,plus_exposure_group_year_fe,ok,1.4606235360309645,0.8529715150667022,1.71239427135705,0.08803967796248502,*,26541,595,406,4.667098780491121,1
all,risk_debt_per10k,natural_highlev_pre,main_fe,ok,1.4239109474587326,1.332426082732393,1.0686603676646231,0.28623332137037005,,26541,400,406,4.667098780491121,1
all,risk_debt_per10k,natural_highlev_pre,plus_exposure_group_year_fe,ok,0.6769975786785217,1.4335462984902456,0.472253724481385,0.6371495865608221,,26541,400,406,4.667098780491121,1
all,risk_debt_per10k,private_highlev_pre,main_fe,ok,0.9452791412233104,1.110232733369473,0.8514243120489333,0.3953325373766847,,26541,410,406,4.667098780491121,1
all,risk_debt_per10k,private_highlev_pre,plus_exposure_group_year_fe,ok,0.1631906491185631,1.2236772950595451,0.133360854023709,0.8940131858290705,,26541,410,406,4.667098780491121,1
all,has_risk_text,natural_pre,main_fe,ok,0.04330804344430682,0.0224342813306146,1.9304404186644106,0.05466111210206814,*,26541,997,406,0.8585961342828077,1
all,has_risk_text,natural_pre,plus_exposure_group_year_fe,ok,0.016440019925870315,0.023124693074334055,0.7109292163586373,0.47777784979137494,,26541,997,406,0.8585961342828077,1
all,has_risk_text,failure_cost_pre,main_fe,ok,0.07599359948080142,0.037426036420480056,2.030500869154732,0.04334342416286674,**,26541,1210,406,0.8585961342828077,1
all,has_risk_text,failure_cost_pre,plus_exposure_group_year_fe,ok,0.053912422554174194,0.036404179052444106,1.4809404842369223,0.1398569618884875,,26541,1210,406,0.8585961342828077,1
all,has_risk_text,private_pre,main_fe,ok,0.054559917947612786,0.01629531960128318,3.3481956342431265,0.0009362512901089914,***,26541,972,406,0.8585961342828077,1
all,has_risk_text,private_pre,plus_exposure_group_year_fe,ok,0.03207333967315605,0.01789068019279691,1.7927400930272803,0.0741996688196711,*,26541,972,406,0.8585961342828077,1
all,has_risk_text,high_lev_pre,main_fe,ok,0.022226436384465725,0.014309756316290513,1.5532365396860537,0.12160683643668446,,26541,595,406,0.8585961342828077,1
all,has_risk_text,high_lev_pre,plus_exposure_group_year_fe,ok,0.01897297769433216,0.017409595057175854,1.0898000574982882,0.2768300068217997,,26541,595,406,0.8585961342828077,1
all,has_risk_text,natural_highlev_pre,main_fe,ok,0.03210271211421007,0.01832602384200384,1.7517554484802982,0.08101800216967758,*,26541,400,406,0.8585961342828077,1
all,has_risk_text,natural_highlev_pre,plus_exposure_group_year_fe,ok,0.01706596719220532,0.019547076080191503,0.8730700756569687,0.383446276142255,,26541,400,406,0.8585961342828077,1
all,has_risk_text,private_highlev_pre,main_fe,ok,0.04916330068392099,0.016764919408814707,2.932510409687491,0.0036680026629209994,***,26541,410,406,0.8585961342828077,1
all,has_risk_text,private_highlev_pre,plus_exposure_group_year_fe,ok,0.035270590550759054,0.018861922494665208,1.8699361404297348,0.06263848740122091,*,26541,410,406,0.8585961342828077,1
all,risk_boilerplate_ratio,natural_pre,main_fe,ok,0.004363019733177172,0.0025439601095188073,1.7150503723906432,0.087550812545655,*,26541,997,406,0.020365461766849606,-1
all,risk_boilerplate_ratio,natural_pre,plus_exposure_group_year_fe,ok,0.0023320158986923746,0.0027862012531013427,0.8369875995485212,0.40338324484497257,,26541,997,406,0.020365461766849606,-1
all,risk_boilerplate_ratio,failure_cost_pre,main_fe,ok,0.0034175082523405487,0.0025117011651424655,1.3606348954919185,0.17483050172888315,,26541,1210,406,0.020365461766849606,-1
all,risk_boilerplate_ratio,failure_cost_pre,plus_exposure_group_year_fe,ok,0.00353001312309791,0.002605726922004476,1.3547133789378127,0.17670791775168015,,26541,1210,406,0.020365461766849606,-1
all,risk_boilerplate_ratio,private_pre,main_fe,ok,0.0060959292014227395,0.0018979542683626653,3.211841983253685,0.0014883491855062214,***,26541,972,406,0.020365461766849606,-1
all,risk_boilerplate_ratio,private_pre,plus_exposure_group_year_fe,ok,0.004476778908980285,0.0021965733622342286,2.038073931856645,0.042574504033698224,**,26541,972,406,0.020365461766849606,-1
all,risk_boilerplate_ratio,high_lev_pre,main_fe,ok,-0.0025562500273031796,0.0015499252087197081,-1.649273147453825,0.10032300271145811,,26541,595,406,0.020365461766849606,-1
all,risk_boilerplate_ratio,high_lev_pre,plus_exposure_group_year_fe,ok,-0.002059625876223887,0.0019515386620631487,-1.0553856381438376,0.2922478734175922,,26541,595,406,0.020365461766849606,-1
all,risk_boilerplate_ratio,natural_highlev_pre,main_fe,ok,0.00020088891055550497,0.0020952681355317524,0.09587742358546483,0.9236932294646021,,26541,400,406,0.020365461766849606,-1
all,risk_boilerplate_ratio,natural_highlev_pre,plus_exposure_group_year_fe,ok,0.0005503122835029724,0.0025672088279672972,0.2143621031167561,0.8304360088848042,,26541,400,406,0.020365461766849606,-1
all,risk_boilerplate_ratio,private_highlev_pre,main_fe,ok,0.0014651236294273247,0.002019280345770635,0.725567221260789,0.46876947211949194,,26541,410,406,0.020365461766849606,-1
all,risk_boilerplate_ratio,private_highlev_pre,plus_exposure_group_year_fe,ok,0.0016303327492671426,0.002453579429819704,0.6644711515970543,0.5069892202397226,,26541,410,406,0.020365461766849606,-1
nonfinancial,risk_quality_index,natural_pre,main_fe,ok,-0.028084852157127915,0.033243919483366954,-0.8448117007135608,0.3990079014742087,,26541,997,406,-0.01877951288985768,1
nonfinancial,risk_quality_index,natural_pre,plus_exposure_group_year_fe,ok,-0.06612164050061504,0.03633380218748384,-1.8198381815210198,0.06995607252735736,*,26541,997,406,-0.01877951288985768,1
nonfinancial,risk_quality_index,failure_cost_pre,main_fe,ok,0.035886207978254724,0.062201105327728545,0.5769384288136928,0.5644900162951445,,26541,1210,406,-0.01877951288985768,1
nonfinancial,risk_quality_index,failure_cost_pre,plus_exposure_group_year_fe,ok,0.007147625928900125,0.06691271516140636,0.10682014489561026,0.9150156555101261,,26541,1210,406,-0.01877951288985768,1
nonfinancial,risk_quality_index,private_pre,main_fe,ok,-0.027264344381624884,0.025116443748213264,-1.0855177052509442,0.27871756402485404,,26541,972,406,-0.01877951288985768,1
nonfinancial,risk_quality_index,private_pre,plus_exposure_group_year_fe,ok,-0.058721264411563175,0.03296589395192955,-1.781273230363168,0.07605803473300843,*,26541,972,406,-0.01877951288985768,1
nonfinancial,risk_quality_index,high_lev_pre,main_fe,ok,0.06732632713418216,0.033116642993676615,2.0330057955160985,0.04308779397334206,**,26541,595,406,-0.01877951288985768,1
nonfinancial,risk_quality_index,high_lev_pre,plus_exposure_group_year_fe,ok,0.062178794586857884,0.035529962127163854,1.750038301879306,0.08131448617891746,*,26541,595,406,-0.01877951288985768,1
nonfinancial,risk_quality_index,natural_highlev_pre,main_fe,ok,0.02357115621397878,0.04430698977127649,0.5319963359203332,0.595191716240417,,26541,400,406,-0.01877951288985768,1
nonfinancial,risk_quality_index,natural_highlev_pre,plus_exposure_group_year_fe,ok,-0.0067674164857718455,0.04415834211374263,-0.15325340947675073,0.8783196437718579,,26541,400,406,-0.01877951288985768,1
nonfinancial,risk_quality_index,private_highlev_pre,main_fe,ok,0.04169937849940155,0.04076375030859925,1.0229524561336774,0.3072997866325804,,26541,410,406,-0.01877951288985768,1
nonfinancial,risk_quality_index,private_highlev_pre,plus_exposure_group_year_fe,ok,0.01783405643376662,0.04328231061936477,0.4120403041927146,0.680656036826508,,26541,410,406,-0.01877951288985768,1
nonfinancial,risk_specificity_index,natural_pre,main_fe,ok,-0.039788341967845656,0.03840987325625269,-1.0358883952153777,0.3012355461548504,,26541,997,406,-0.0117264300983227,1
nonfinancial,risk_specificity_index,natural_pre,plus_exposure_group_year_fe,ok,-0.06452832594126143,0.03971832062336106,-1.624648900772202,0.10547273826541592,,26541,997,406,-0.0117264300983227,1
nonfinancial,risk_specificity_index,failure_cost_pre,main_fe,ok,0.02206970056864407,0.06151867770383899,0.35874796716033513,0.7200804821979738,,26541,1210,406,-0.0117264300983227,1
nonfinancial,risk_specificity_index,failure_cost_pre,plus_exposure_group_year_fe,ok,0.008992615884169917,0.06533791698711011,0.13763242384883473,0.8906395414695831,,26541,1210,406,-0.0117264300983227,1
nonfinancial,risk_specificity_index,private_pre,main_fe,ok,-0.04758396610483204,0.03170403701030461,-1.5008803481198956,0.1346236777947769,,26541,972,406,-0.0117264300983227,1
nonfinancial,risk_specificity_index,private_pre,plus_exposure_group_year_fe,ok,-0.06787315167986105,0.03565252513942784,-1.9037403778393434,0.058069759757637396,*,26541,972,406,-0.0117264300983227,1
nonfinancial,risk_specificity_index,high_lev_pre,main_fe,ok,0.07812482291708223,0.02842446832650382,2.7485060413332807,0.006414521387628103,***,26541,595,406,-0.0117264300983227,1
nonfinancial,risk_specificity_index,high_lev_pre,plus_exposure_group_year_fe,ok,0.07372373890715707,0.03281825504822013,2.2464247047514925,0.02553304168686643,**,26541,595,406,-0.0117264300983227,1
nonfinancial,risk_specificity_index,natural_highlev_pre,main_fe,ok,0.015354005422869877,0.035146376937103437,0.43685883897355327,0.6625834200891105,,26541,400,406,-0.0117264300983227,1
nonfinancial,risk_specificity_index,natural_highlev_pre,plus_exposure_group_year_fe,ok,-0.008420192233707671,0.03750227907116722,-0.22452481401807248,0.8225287631542841,,26541,400,406,-0.0117264300983227,1
nonfinancial,risk_specificity_index,private_highlev_pre,main_fe,ok,0.027860844604797215,0.03278229222511989,0.8498748169735505,0.3961919127656035,,26541,410,406,-0.0117264300983227,1
nonfinancial,risk_specificity_index,private_highlev_pre,plus_exposure_group_year_fe,ok,0.0088864417110245,0.03642075170145771,0.24399391269754672,0.8074317269403433,,26541,410,406,-0.0117264300983227,1
nonfinancial,risk_chars_ln,natural_pre,main_fe,ok,0.19282110790081786,0.12563559353493484,1.5347649696676213,0.12608134311011376,,26541,997,406,5.131732949998318,1
nonfinancial,risk_chars_ln,natural_pre,plus_exposure_group_year_fe,ok,0.028135869952114808,0.13631302862668107,0.20640631519654803,0.8366382445368541,,26541,997,406,5.131732949998318,1
nonfinancial,risk_chars_ln,failure_cost_pre,main_fe,ok,0.33362045679108204,0.22588026545994586,1.4769792133533737,0.14091511618433716,,26541,1210,406,5.131732949998318,1
nonfinancial,risk_chars_ln,failure_cost_pre,plus_exposure_group_year_fe,ok,0.1783816394466933,0.22407567876478093,0.7960776485427762,0.4267273718295006,,26541,1210,406,5.131732949998318,1
nonfinancial,risk_chars_ln,private_pre,main_fe,ok,0.2132103682709163,0.08968224473596918,2.3773977658411938,0.018173340760413437,**,26541,972,406,5.131732949998318,1
nonfinancial,risk_chars_ln,private_pre,plus_exposure_group_year_fe,ok,0.08080151004801542,0.10636251372240924,0.7596803349241601,0.44814741722182383,,26541,972,406,5.131732949998318,1
nonfinancial,risk_chars_ln,high_lev_pre,main_fe,ok,0.10945978733322012,0.09128449430166923,1.199106027486845,0.23159978536828474,,26541,595,406,5.131732949998318,1
nonfinancial,risk_chars_ln,high_lev_pre,plus_exposure_group_year_fe,ok,0.07731046316388993,0.10202405020012312,0.7577670462233486,0.4492901446581319,,26541,595,406,5.131732949998318,1
nonfinancial,risk_chars_ln,natural_highlev_pre,main_fe,ok,0.1676364992702955,0.11954690672018405,1.4022654694250831,0.16205216126828814,,26541,400,406,5.131732949998318,1
nonfinancial,risk_chars_ln,natural_highlev_pre,plus_exposure_group_year_fe,ok,0.05278349214423874,0.1222535372900855,0.43175431414301796,0.6662848114628184,,26541,400,406,5.131732949998318,1
nonfinancial,risk_chars_ln,private_highlev_pre,main_fe,ok,0.24250680120501164,0.10838833754428676,2.237388327004508,0.026125256632304472,**,26541,410,406,5.131732949998318,1
nonfinancial,risk_chars_ln,private_highlev_pre,plus_exposure_group_year_fe,ok,0.13206746519019621,0.1157348530067255,1.1411209480909057,0.2548901067975873,,26541,410,406,5.131732949998318,1
nonfinancial,risk_detail_per10k,natural_pre,main_fe,ok,4.522709591736632,18.56688196061451,0.24359015161137718,0.8077441072053877,,26541,997,406,346.9243290147497,1
nonfinancial,risk_detail_per10k,natural_pre,plus_exposure_group_year_fe,ok,-2.249447582070906,19.080156604889897,-0.11789460792446607,0.9062439756291025,,26541,997,406,346.9243290147497,1
nonfinancial,risk_detail_per10k,failure_cost_pre,main_fe,ok,12.386802565882261,27.208253969557358,0.45525900264462205,0.649310298699695,,26541,1210,406,346.9243290147497,1
nonfinancial,risk_detail_per10k,failure_cost_pre,plus_exposure_group_year_fe,ok,11.984360580578455,26.146895999452205,0.4583473533848735,0.6470932780236467,,26541,1210,406,346.9243290147497,1
nonfinancial,risk_detail_per10k,private_pre,main_fe,ok,-1.7427091497807885,13.30756865261651,-0.13095623966126527,0.8959131797282964,,26541,972,406,346.9243290147497,1
nonfinancial,risk_detail_per10k,private_pre,plus_exposure_group_year_fe,ok,-8.324474806463224,14.605131354946833,-0.5699691844020068,0.5692004059086795,,26541,972,406,346.9243290147497,1
nonfinancial,risk_detail_per10k,high_lev_pre,main_fe,ok,18.839433706862376,16.692654623854818,1.1286062122162213,0.26012465803079454,,26541,595,406,346.9243290147497,1
nonfinancial,risk_detail_per10k,high_lev_pre,plus_exposure_group_year_fe,ok,19.68634519838602,17.236327709873937,1.1421426611138623,0.25446603054542427,,26541,595,406,346.9243290147497,1
nonfinancial,risk_detail_per10k,natural_highlev_pre,main_fe,ok,7.722731617453284,18.904526294135227,0.40851230532283245,0.6832404362338145,,26541,400,406,346.9243290147497,1
nonfinancial,risk_detail_per10k,natural_highlev_pre,plus_exposure_group_year_fe,ok,5.965019507336364,19.545924281819836,0.3051797101702978,0.7604782366282039,,26541,400,406,346.9243290147497,1
nonfinancial,risk_detail_per10k,private_highlev_pre,main_fe,ok,11.832340521150865,18.310796401008737,0.6461947510103397,0.5187343610673243,,26541,410,406,346.9243290147497,1
nonfinancial,risk_detail_per10k,private_highlev_pre,plus_exposure_group_year_fe,ok,11.304963584884256,18.915384185821488,0.5976597394917403,0.5505973678388267,,26541,410,406,346.9243290147497,1
nonfinancial,risk_category_count,natural_pre,main_fe,ok,-0.06204623729990416,0.07476215534314175,-0.8299150421108871,0.40736308336227567,,26541,997,406,2.562978033985155,1
nonfinancial,risk_category_count,natural_pre,plus_exposure_group_year_fe,ok,-0.19880603402190117,0.09378787132945059,-2.1197414036997504,0.03499411186940171,**,26541,997,406,2.562978033985155,1
nonfinancial,risk_category_count,failure_cost_pre,main_fe,ok,0.04675577685718451,0.14953463509547513,0.31267523291397875,0.7547829680784512,,26541,1210,406,2.562978033985155,1
nonfinancial,risk_category_count,failure_cost_pre,plus_exposure_group_year_fe,ok,0.019182663288058097,0.14812181093840207,0.12950600027456724,0.8970593701470271,,26541,1210,406,2.562978033985155,1
nonfinancial,risk_category_count,private_pre,main_fe,ok,0.018700051034393574,0.05174541149511466,0.3613856860749685,0.718110389163245,,26541,972,406,2.562978033985155,1
nonfinancial,risk_category_count,private_pre,plus_exposure_group_year_fe,ok,-0.09555865162110873,0.08686989644534329,-1.1000203238555972,0.2723606383549133,,26541,972,406,2.562978033985155,1
nonfinancial,risk_category_count,high_lev_pre,main_fe,ok,0.04655507325509561,0.11072530891697983,0.42045557344077406,0.6745067736296417,,26541,595,406,2.562978033985155,1
nonfinancial,risk_category_count,high_lev_pre,plus_exposure_group_year_fe,ok,0.07020444479867836,0.10752967071825709,0.6528844023211409,0.5144189790618703,,26541,595,406,2.562978033985155,1
nonfinancial,risk_category_count,natural_highlev_pre,main_fe,ok,-0.011772240555078107,0.17126983593261658,-0.0687350489417746,0.9452543863643434,,26541,400,406,2.562978033985155,1
nonfinancial,risk_category_count,natural_highlev_pre,plus_exposure_group_year_fe,ok,-0.04362790399497683,0.16627933137757714,-0.26237719164211215,0.7932424940519107,,26541,400,406,2.562978033985155,1
nonfinancial,risk_category_count,private_highlev_pre,main_fe,ok,0.0662867465878624,0.1449133110893296,0.4574234491612779,0.6477561880443221,,26541,410,406,2.562978033985155,1
nonfinancial,risk_category_count,private_highlev_pre,plus_exposure_group_year_fe,ok,0.05407961758883257,0.14799092075398926,0.36542523901673063,0.7150969315109124,,26541,410,406,2.562978033985155,1
nonfinancial,risk_debt_per10k,natural_pre,main_fe,ok,1.7062612079654138,1.0200763176080587,1.672679953953216,0.09561670456880744,*,26541,997,406,4.667098780491121,1
nonfinancial,risk_debt_per10k,natural_pre,plus_exposure_group_year_fe,ok,0.6686753382647367,1.1907431782094884,0.5615613429507266,0.5749081222286017,,26541,997,406,4.667098780491121,1
nonfinancial,risk_debt_per10k,failure_cost_pre,main_fe,ok,2.797584215877914,1.4669629240979094,1.9070585697305564,0.057636705200531546,*,26541,1210,406,4.667098780491121,1
nonfinancial,risk_debt_per10k,failure_cost_pre,plus_exposure_group_year_fe,ok,3.0717680048935416,1.4893612244476766,2.0624734647786296,0.040175581166542296,**,26541,1210,406,4.667098780491121,1
nonfinancial,risk_debt_per10k,private_pre,main_fe,ok,0.9012167498094766,0.6951038526986999,1.2965210109403875,0.19596809254605585,,26541,972,406,4.667098780491121,1
nonfinancial,risk_debt_per10k,private_pre,plus_exposure_group_year_fe,ok,-0.13604964566225902,0.9081962127266796,-0.14980204030337987,0.8810392142556622,,26541,972,406,4.667098780491121,1
nonfinancial,risk_debt_per10k,high_lev_pre,main_fe,ok,1.363715286875099,0.8160335065500862,1.671151093587353,0.0959185784639125,*,26541,595,406,4.667098780491121,1
nonfinancial,risk_debt_per10k,high_lev_pre,plus_exposure_group_year_fe,ok,1.4606235360309645,0.8529715150667022,1.71239427135705,0.08803967796248502,*,26541,595,406,4.667098780491121,1
nonfinancial,risk_debt_per10k,natural_highlev_pre,main_fe,ok,1.4239109474587326,1.332426082732393,1.0686603676646231,0.28623332137037005,,26541,400,406,4.667098780491121,1
nonfinancial,risk_debt_per10k,natural_highlev_pre,plus_exposure_group_year_fe,ok,0.6769975786785217,1.4335462984902456,0.472253724481385,0.6371495865608221,,26541,400,406,4.667098780491121,1
nonfinancial,risk_debt_per10k,private_highlev_pre,main_fe,ok,0.9452791412233104,1.110232733369473,0.8514243120489333,0.3953325373766847,,26541,410,406,4.667098780491121,1
nonfinancial,risk_debt_per10k,private_highlev_pre,plus_exposure_group_year_fe,ok,0.1631906491185631,1.2236772950595451,0.133360854023709,0.8940131858290705,,26541,410,406,4.667098780491121,1
nonfinancial,has_risk_text,natural_pre,main_fe,ok,0.04330804344430682,0.0224342813306146,1.9304404186644106,0.05466111210206814,*,26541,997,406,0.8585961342828077,1
nonfinancial,has_risk_text,natural_pre,plus_exposure_group_year_fe,ok,0.016440019925870315,0.023124693074334055,0.7109292163586373,0.47777784979137494,,26541,997,406,0.8585961342828077,1
nonfinancial,has_risk_text,failure_cost_pre,main_fe,ok,0.07599359948080142,0.037426036420480056,2.030500869154732,0.04334342416286674,**,26541,1210,406,0.8585961342828077,1
nonfinancial,has_risk_text,failure_cost_pre,plus_exposure_group_year_fe,ok,0.053912422554174194,0.036404179052444106,1.4809404842369223,0.1398569618884875,,26541,1210,406,0.8585961342828077,1
nonfinancial,has_risk_text,private_pre,main_fe,ok,0.054559917947612786,0.01629531960128318,3.3481956342431265,0.0009362512901089914,***,26541,972,406,0.8585961342828077,1
nonfinancial,has_risk_text,private_pre,plus_exposure_group_year_fe,ok,0.03207333967315605,0.01789068019279691,1.7927400930272803,0.0741996688196711,*,26541,972,406,0.8585961342828077,1
nonfinancial,has_risk_text,high_lev_pre,main_fe,ok,0.022226436384465725,0.014309756316290513,1.5532365396860537,0.12160683643668446,,26541,595,406,0.8585961342828077,1
nonfinancial,has_risk_text,high_lev_pre,plus_exposure_group_year_fe,ok,0.01897297769433216,0.017409595057175854,1.0898000574982882,0.2768300068217997,,26541,595,406,0.8585961342828077,1
nonfinancial,has_risk_text,natural_highlev_pre,main_fe,ok,0.03210271211421007,0.01832602384200384,1.7517554484802982,0.08101800216967758,*,26541,400,406,0.8585961342828077,1
nonfinancial,has_risk_text,natural_highlev_pre,plus_exposure_group_year_fe,ok,0.01706596719220532,0.019547076080191503,0.8730700756569687,0.383446276142255,,26541,400,406,0.8585961342828077,1
nonfinancial,has_risk_text,private_highlev_pre,main_fe,ok,0.04916330068392099,0.016764919408814707,2.932510409687491,0.0036680026629209994,***,26541,410,406,0.8585961342828077,1
nonfinancial,has_risk_text,private_highlev_pre,plus_exposure_group_year_fe,ok,0.035270590550759054,0.018861922494665208,1.8699361404297348,0.06263848740122091,*,26541,410,406,0.8585961342828077,1
nonfinancial,risk_boilerplate_ratio,natural_pre,main_fe,ok,0.004363019733177172,0.0025439601095188073,1.7150503723906432,0.087550812545655,*,26541,997,406,0.020365461766849606,-1
nonfinancial,risk_boilerplate_ratio,natural_pre,plus_exposure_group_year_fe,ok,0.0023320158986923746,0.0027862012531013427,0.8369875995485212,0.40338324484497257,,26541,997,406,0.020365461766849606,-1
nonfinancial,risk_boilerplate_ratio,failure_cost_pre,main_fe,ok,0.0034175082523405487,0.0025117011651424655,1.3606348954919185,0.17483050172888315,,26541,1210,406,0.020365461766849606,-1
nonfinancial,risk_boilerplate_ratio,failure_cost_pre,plus_exposure_group_year_fe,ok,0.00353001312309791,0.002605726922004476,1.3547133789378127,0.17670791775168015,,26541,1210,406,0.020365461766849606,-1
nonfinancial,risk_boilerplate_ratio,private_pre,main_fe,ok,0.0060959292014227395,0.0018979542683626653,3.211841983253685,0.0014883491855062214,***,26541,972,406,0.020365461766849606,-1
nonfinancial,risk_boilerplate_ratio,private_pre,plus_exposure_group_year_fe,ok,0.004476778908980285,0.0021965733622342286,2.038073931856645,0.042574504033698224,**,26541,972,406,0.020365461766849606,-1
nonfinancial,risk_boilerplate_ratio,high_lev_pre,main_fe,ok,-0.0025562500273031796,0.0015499252087197081,-1.649273147453825,0.10032300271145811,,26541,595,406,0.020365461766849606,-1
nonfinancial,risk_boilerplate_ratio,high_lev_pre,plus_exposure_group_year_fe,ok,-0.002059625876223887,0.0019515386620631487,-1.0553856381438376,0.2922478734175922,,26541,595,406,0.020365461766849606,-1
nonfinancial,risk_boilerplate_ratio,natural_highlev_pre,main_fe,ok,0.00020088891055550497,0.0020952681355317524,0.09587742358546483,0.9236932294646021,,26541,400,406,0.020365461766849606,-1
nonfinancial,risk_boilerplate_ratio,natural_highlev_pre,plus_exposure_group_year_fe,ok,0.0005503122835029724,0.0025672088279672972,0.2143621031167561,0.8304360088848042,,26541,400,406,0.020365461766849606,-1
nonfinancial,risk_boilerplate_ratio,private_highlev_pre,main_fe,ok,0.0014651236294273247,0.002019280345770635,0.725567221260789,0.46876947211949194,,26541,410,406,0.020365461766849606,-1
nonfinancial,risk_boilerplate_ratio,private_highlev_pre,plus_exposure_group_year_fe,ok,0.0016303327492671426,0.002453579429819704,0.6644711515970543,0.5069892202397226,,26541,410,406,0.020365461766849606,-1
