sample,outcome,exposure,event,rel_year,coef,se_city_cluster,p,sig
all,risk_debt_per10k,natural_pre,<=-4,-4,0.12755088717789737,1.0840466085581444,0.906428251119985,
all,risk_debt_per10k,natural_pre,-3,-3,-2.258568828685879,2.1023473132655406,0.2837000982878157,
all,risk_debt_per10k,natural_pre,-2,-2,-1.4886940688299377,2.5687047538874825,0.5627294522480462,
all,risk_debt_per10k,natural_pre,0,0,2.1327804592254402,1.7394726947192434,0.22128929228519767,
all,risk_debt_per10k,natural_pre,+1,1,-0.18564608388242365,1.2763216510153081,0.8844673426009462,
all,risk_debt_per10k,natural_pre,>=+2,2,1.3542216192719934,0.8188939449403618,0.0994147961721743,*
all,risk_debt_per10k,failure_cost_pre,<=-4,-4,-0.44678658493625517,0.8285525395849185,0.5901934962522759,
all,risk_debt_per10k,failure_cost_pre,-3,-3,-2.157550670437944,3.1516272788262665,0.49422878266514125,
all,risk_debt_per10k,failure_cost_pre,-2,-2,-0.7788724529504659,2.9490951327825083,0.7919118900702005,
all,risk_debt_per10k,failure_cost_pre,0,0,2.527586767089237,2.31814780808492,0.27658932171686756,
all,risk_debt_per10k,failure_cost_pre,+1,1,0.8316646669581119,1.7289335785110092,0.630909401911603,
all,risk_debt_per10k,failure_cost_pre,>=+2,2,3.39260280221237,1.4140051167528018,0.017145403361590095,**
all,risk_debt_per10k,high_lev_pre,<=-4,-4,-0.17337663713327015,0.7628839638679983,0.8203999755528852,
all,risk_debt_per10k,high_lev_pre,-3,-3,0.022207805486219236,1.0109977941308324,0.982492075741503,
all,risk_debt_per10k,high_lev_pre,-2,-2,1.1893341455250903,1.0365434922975545,0.25229005855189257,
all,risk_debt_per10k,high_lev_pre,0,0,0.33142995242182555,0.3893156023617902,0.39539349607218277,
all,risk_debt_per10k,high_lev_pre,+1,1,1.7804433479082324,0.9690248712634261,0.06732095577381858,*
all,risk_debt_per10k,high_lev_pre,>=+2,2,3.1460029047065445,1.08878071588506,0.0041907958384599375,***
all,risk_debt_per10k,natural_highlev_pre,<=-4,-4,0.9727197508482731,0.5596762906701279,0.08341724174342224,*
all,risk_debt_per10k,natural_highlev_pre,-3,-3,-0.08882865260077705,1.598374955970783,0.9557244149270752,
all,risk_debt_per10k,natural_highlev_pre,-2,-2,0.8707701091398068,1.066304739444826,0.4149055361481824,
all,risk_debt_per10k,natural_highlev_pre,0,0,1.640841112972277,1.2205360763828708,0.18002637532088972,
all,risk_debt_per10k,natural_highlev_pre,+1,1,1.2641439454325134,1.7314857981379366,0.46600412066303165,
all,risk_debt_per10k,natural_highlev_pre,>=+2,2,3.529308304706964,1.1219066973746257,0.0018527548645277392,***
all,risk_debt_per10k,private_pre,<=-4,-4,-1.4530233448875052,0.5564427369635789,0.009555088110242638,***
all,risk_debt_per10k,private_pre,-3,-3,-1.9280549102517388,1.934362542813245,0.3198360125353319,
all,risk_debt_per10k,private_pre,-2,-2,-0.8454862854235469,2.188481646675404,0.6995710010958462,
all,risk_debt_per10k,private_pre,0,0,0.4727415245607888,0.7604990837470237,0.5347470238782832,
all,risk_debt_per10k,private_pre,+1,1,-1.4246258812430348,1.3081953483146116,0.2771815996215685,
all,risk_debt_per10k,private_pre,>=+2,2,0.6233335370130841,0.8840665179567307,0.481406842386209,
all,risk_debt_per10k,private_highlev_pre,<=-4,-4,-0.2179862452710596,0.6628448518369529,0.7425279111718535,
all,risk_debt_per10k,private_highlev_pre,-3,-3,0.007545534467880337,1.5740165377741753,0.9961788566547216,
all,risk_debt_per10k,private_highlev_pre,-2,-2,1.4219640503037791,1.0835901865165831,0.19060867393662329,
all,risk_debt_per10k,private_highlev_pre,0,0,0.0674046784393384,0.5495420090809942,0.9024760421096096,
all,risk_debt_per10k,private_highlev_pre,+1,1,0.6488794795993168,1.4340731378497507,0.6513129065611691,
all,risk_debt_per10k,private_highlev_pre,>=+2,2,3.4558232888199103,1.1678933942559402,0.0033763685487659956,***
all,risk_quality_index,natural_pre,<=-4,-4,-0.01926278723026149,0.08760713773537324,0.8261429306560735,
all,risk_quality_index,natural_pre,-3,-3,-0.044392956987940865,0.06398682365849773,0.4884499394123094,
all,risk_quality_index,natural_pre,-2,-2,0.0267176459509639,0.03012792312876145,0.3760185374179188,
all,risk_quality_index,natural_pre,0,0,-0.026553321785445033,0.05216491659115771,0.6111738528648885,
all,risk_quality_index,natural_pre,+1,1,-0.0502115484553696,0.05378094169269479,0.35137752281430656,
all,risk_quality_index,natural_pre,>=+2,2,-0.04272802097000988,0.04629609797279731,0.35691653585129846,
all,risk_quality_index,failure_cost_pre,<=-4,-4,-0.017903409939820175,0.12130763681337889,0.8827854738800085,
all,risk_quality_index,failure_cost_pre,-3,-3,-0.01916944048054344,0.062396627467902116,0.7589272956593682,
all,risk_quality_index,failure_cost_pre,-2,-2,0.010237049844875524,0.05646961057740321,0.8562884923277279,
all,risk_quality_index,failure_cost_pre,0,0,0.04431536272924174,0.06789150405100627,0.5145132368763408,
all,risk_quality_index,failure_cost_pre,+1,1,0.01154051415220538,0.060112605646354275,0.8479094093167521,
all,risk_quality_index,failure_cost_pre,>=+2,2,0.021721919161961555,0.052503667008081144,0.6794254929458714,
all,risk_quality_index,high_lev_pre,<=-4,-4,0.010864756439989024,0.05385650541177215,0.8402845291100125,
all,risk_quality_index,high_lev_pre,-3,-3,0.005029654337512965,0.08619929955886012,0.9535162301420534,
all,risk_quality_index,high_lev_pre,-2,-2,-0.011425452299058024,0.042478797670122755,0.7881715255978861,
all,risk_quality_index,high_lev_pre,0,0,0.04660043247082813,0.03263344456439056,0.15451653751535543,
all,risk_quality_index,high_lev_pre,+1,1,0.07547558574862222,0.04641464119447218,0.10516014381811178,
all,risk_quality_index,high_lev_pre,>=+2,2,0.10172449739930452,0.051747540911641084,0.05040856443861985,*
all,risk_quality_index,natural_highlev_pre,<=-4,-4,0.015721708224098133,0.11107080266152401,0.8875498115945057,
all,risk_quality_index,natural_highlev_pre,-3,-3,-0.04340211487759037,0.04850986560169241,0.371787464745575,
all,risk_quality_index,natural_highlev_pre,-2,-2,0.015978245404675764,0.039253691115896994,0.6843121620344901,
all,risk_quality_index,natural_highlev_pre,0,0,0.01683183200709513,0.033080806373261565,0.6113256320393945,
all,risk_quality_index,natural_highlev_pre,+1,1,0.00941742509710577,0.04395138346753391,0.8305084219948982,
all,risk_quality_index,natural_highlev_pre,>=+2,2,0.059701205091731,0.053171202599003785,0.2625738572947749,
all,risk_quality_index,private_pre,<=-4,-4,0.032952400970968077,0.07276017811125467,0.6510126117310115,
all,risk_quality_index,private_pre,-3,-3,0.05576375217029356,0.0626515614241078,0.3742717246751668,
all,risk_quality_index,private_pre,-2,-2,0.05593034702082363,0.02605898260855846,0.03279304420720752,**
all,risk_quality_index,private_pre,0,0,0.04605881981159585,0.0650996968523109,0.4798944388954862,
all,risk_quality_index,private_pre,+1,1,-0.013508122097007974,0.04738962310349112,0.7758418934402009,
all,risk_quality_index,private_pre,>=+2,2,-0.023896320241677156,0.043558217090903385,0.5837555311999876,
all,risk_quality_index,private_highlev_pre,<=-4,-4,0.021185259175821196,0.10872310814217676,0.8456614914890723,
all,risk_quality_index,private_highlev_pre,-3,-3,-0.013473982685289399,0.04677005459116486,0.7735119009528977,
all,risk_quality_index,private_highlev_pre,-2,-2,0.020526838846499224,0.040579665452295646,0.6134056045120435,
all,risk_quality_index,private_highlev_pre,0,0,0.046386296894922886,0.024767337562086662,0.06222882128918017,*
all,risk_quality_index,private_highlev_pre,+1,1,0.03869997146463662,0.0429419246639145,0.36832359450847285,
all,risk_quality_index,private_highlev_pre,>=+2,2,0.07837594781741967,0.0489260805970082,0.11041003649573677,
all,risk_specificity_index,natural_pre,<=-4,-4,0.004790147476361152,0.08791404144829137,0.9565900550876865,
all,risk_specificity_index,natural_pre,-3,-3,0.006439069733172293,0.06360916571026806,0.9194485053046999,
all,risk_specificity_index,natural_pre,-2,-2,0.057229851609605434,0.026192361255025748,0.029800630165268682,**
all,risk_specificity_index,natural_pre,0,0,-0.00930472677457655,0.04556964884081646,0.8383702903797405,
all,risk_specificity_index,natural_pre,+1,1,-0.04092077706233536,0.04349612378451572,0.34770214698688395,
all,risk_specificity_index,natural_pre,>=+2,2,-0.028093062805724822,0.040199718264665896,0.48529058883281495,
all,risk_specificity_index,failure_cost_pre,<=-4,-4,0.0023242150256535714,0.12773285591144598,0.9854967976235269,
all,risk_specificity_index,failure_cost_pre,-3,-3,0.03893213521736023,0.0671266294711606,0.5624398754776894,
all,risk_specificity_index,failure_cost_pre,-2,-2,0.039885363428003195,0.0472235406436528,0.39912164630786195,
all,risk_specificity_index,failure_cost_pre,0,0,0.05011693209077314,0.04661343157095931,0.2833190025685661,
all,risk_specificity_index,failure_cost_pre,+1,1,0.014150873687427982,0.04399158662889715,0.7479645054124378,
all,risk_specificity_index,failure_cost_pre,>=+2,2,0.057067936923835175,0.05547761391106811,0.30461136428879154,
all,risk_specificity_index,high_lev_pre,<=-4,-4,0.004183399434361906,0.055488381176777624,0.9399616585378483,
all,risk_specificity_index,high_lev_pre,-3,-3,-0.023003877111723185,0.07952318788287176,0.7726078436478698,
all,risk_specificity_index,high_lev_pre,-2,-2,-0.019462697023454344,0.03374293219981385,0.5645879174572741,
all,risk_specificity_index,high_lev_pre,0,0,0.043005707389111414,0.026669371691690844,0.10807910041426161,
all,risk_specificity_index,high_lev_pre,+1,1,0.07878801589336577,0.02732885029054581,0.004275575431466061,***
all,risk_specificity_index,high_lev_pre,>=+2,2,0.10755967705619979,0.053757650717882244,0.046471186466199965,**
all,risk_specificity_index,natural_highlev_pre,<=-4,-4,0.03566713935184966,0.10746388005552802,0.7402382625830881,
all,risk_specificity_index,natural_highlev_pre,-3,-3,-0.03095441991778576,0.041418652111929355,0.45553813347020133,
all,risk_specificity_index,natural_highlev_pre,-2,-2,0.026232069796559263,0.02997233685076276,0.38228361044781645,
all,risk_specificity_index,natural_highlev_pre,0,0,0.019741275070162795,0.025390028395370835,0.4375723081729279,
all,risk_specificity_index,natural_highlev_pre,+1,1,0.01120800548024596,0.03779985279745868,0.7670825683768436,
all,risk_specificity_index,natural_highlev_pre,>=+2,2,0.06958191924685524,0.06303915766995394,0.27072524927343533,
all,risk_specificity_index,private_pre,<=-4,-4,0.0492644427386596,0.07066854396216143,0.48636286101214665,
all,risk_specificity_index,private_pre,-3,-3,0.10775790106234813,0.05526720943095521,0.05230049815460336,*
all,risk_specificity_index,private_pre,-2,-2,0.08660773274434544,0.02308206595611846,0.00021708428539413127,***
all,risk_specificity_index,private_pre,0,0,0.02704321937171804,0.048686938607066535,0.579073028489665,
all,risk_specificity_index,private_pre,+1,1,-0.012658622790894435,0.03128508476335238,0.6860948267087243,
all,risk_specificity_index,private_pre,>=+2,2,0.01703848008601959,0.05135418281345818,0.7403251324456641,
all,risk_specificity_index,private_highlev_pre,<=-4,-4,0.033929169650557235,0.10088359843798299,0.7369061753123929,
all,risk_specificity_index,private_highlev_pre,-3,-3,-0.0048509176956512984,0.04122647286530954,0.9064256352575482,
all,risk_specificity_index,private_highlev_pre,-2,-2,0.02302544617750588,0.03329098129200426,0.4897913055091636,
all,risk_specificity_index,private_highlev_pre,0,0,0.030314945633178537,0.021039920311118288,0.15085950126715386,
all,risk_specificity_index,private_highlev_pre,+1,1,0.03277762277491133,0.034943001201276545,0.34911601322275754,
all,risk_specificity_index,private_highlev_pre,>=+2,2,0.08516253908397675,0.05750607872365315,0.1398594675566467,
all,has_risk_text,natural_pre,<=-4,-4,0.012882001993693923,0.04290011890161546,0.7642090522912226,
all,has_risk_text,natural_pre,-3,-3,-0.005922362140374981,0.028262720769852527,0.834188732864833,
all,has_risk_text,natural_pre,-2,-2,0.02199889091944404,0.02402296386241772,0.3606662226795472,
all,has_risk_text,natural_pre,0,0,0.057696890976098064,0.02171511114063244,0.008381710225025651,***
all,has_risk_text,natural_pre,+1,1,0.04540483467318368,0.02100808652157765,0.03160296832945031,**
all,has_risk_text,natural_pre,>=+2,2,0.05285914102234786,0.04927323357728013,0.28438581455343215,
all,has_risk_text,failure_cost_pre,<=-4,-4,0.012356488315649455,0.06359443715831899,0.8460945883448208,
all,has_risk_text,failure_cost_pre,-3,-3,0.0026943505716980534,0.024079048400635128,0.9109938516806007,
all,has_risk_text,failure_cost_pre,-2,-2,0.01683521065633034,0.04285180011409867,0.6947433091976842,
all,has_risk_text,failure_cost_pre,0,0,0.10934584361981206,0.029624592270026184,0.0002730911446831019,***
all,has_risk_text,failure_cost_pre,+1,1,0.07906585060269745,0.022903473965330302,0.0006509189894752243,***
all,has_risk_text,failure_cost_pre,>=+2,2,0.05178794456741931,0.05138086773725984,0.3144470073632226,
all,has_risk_text,high_lev_pre,<=-4,-4,-0.007003393187149852,0.025180189280033446,0.7811371244859995,
all,has_risk_text,high_lev_pre,-3,-3,0.005486090389546456,0.025740894663956734,0.8313978693213433,
all,has_risk_text,high_lev_pre,-2,-2,-0.007959703965070413,0.0137127599997754,0.5621172770518217,
all,has_risk_text,high_lev_pre,0,0,0.026603210099754665,0.0118603834108837,0.02575405659842067,**
all,has_risk_text,high_lev_pre,+1,1,0.011816691917360138,0.015315951088571981,0.44110812615804496,
all,has_risk_text,high_lev_pre,>=+2,2,0.01762610291451394,0.04917517163756559,0.7203143554418552,
all,has_risk_text,natural_highlev_pre,<=-4,-4,0.015911139218518416,0.047912561991197006,0.7400963623168071,
all,has_risk_text,natural_highlev_pre,-3,-3,0.001504769635238527,0.021387235401200293,0.9439636221329752,
all,has_risk_text,natural_highlev_pre,-2,-2,0.019772089727023327,0.019027067213786542,0.29971652735017695,
all,has_risk_text,natural_highlev_pre,0,0,0.05870006166741789,0.011799656251816884,1.2022929027910578e-06,***
all,has_risk_text,natural_highlev_pre,+1,1,0.029851779722359063,0.022068865734267674,0.17736089858945436,
all,has_risk_text,natural_highlev_pre,>=+2,2,0.03704965094529408,0.025470798660500824,0.14701169977306283,
all,has_risk_text,private_pre,<=-4,-4,0.005515843299543361,0.03834627145589752,0.8857380440487486,
all,has_risk_text,private_pre,-3,-3,0.02035675610932701,0.023710835214866666,0.3913993398113269,
all,has_risk_text,private_pre,-2,-2,0.03262155650155682,0.030746422214537696,0.2896996233678757,
all,has_risk_text,private_pre,0,0,0.08147726796573383,0.025369594169579672,0.0014894991067360142,***
all,has_risk_text,private_pre,+1,1,0.06384175097194021,0.023981383044512024,0.008258126674990374,***
all,has_risk_text,private_pre,>=+2,2,0.04659560234827289,0.05286257705978786,0.378905557534005,
all,has_risk_text,private_highlev_pre,<=-4,-4,0.002446227238786979,0.04145274520698381,0.952988426597696,
all,has_risk_text,private_highlev_pre,-3,-3,0.005713815060239318,0.02176920853161646,0.7931692291924151,
all,has_risk_text,private_highlev_pre,-2,-2,0.021459471867506817,0.01839746722134919,0.2445278501542767,
all,has_risk_text,private_highlev_pre,0,0,0.06877162815200062,0.012453854617641893,8.243279769892808e-08,***
all,has_risk_text,private_highlev_pre,+1,1,0.04306795699762509,0.022107795437963415,0.052501419584150666,*
all,has_risk_text,private_highlev_pre,>=+2,2,0.053357836222241536,0.02593656186148415,0.04067979128776722,**
