outcome,exposure,event,term,coef,se_city_cluster,t,p,sig,ci_low,ci_high,n_input,clusters_city
short_liab_ratio,high_lev_pre,<=-4,es_lead4m_high_lev_pre,0.013694498192276264,0.02462089677532277,0.5562144351298404,0.5785520111929277,,-0.03479169406653279,0.06218069045108532,26541,406
short_liab_ratio,high_lev_pre,-3,es_lead3_high_lev_pre,0.0067225701006381235,0.014138120668562192,0.4754924829285525,0.6348430445991675,,-0.021119780369764744,0.03456492057104099,26541,406
short_liab_ratio,high_lev_pre,-2,es_lead2_high_lev_pre,0.014088439052761002,0.010680772638136906,1.3190468077615132,0.18833671866703283,,-0.006945319397678059,0.03512219750320006,26541,406
short_liab_ratio,high_lev_pre,0,es_event0_high_lev_pre,0.03419064723899236,0.016676162963598397,2.050270635614769,0.04136052905443455,**,0.0013501032502503882,0.06703119122773432,26541,406
short_liab_ratio,high_lev_pre,+1,es_lag1_high_lev_pre,0.029206952168457995,0.014101000255455834,2.0712681114346836,0.039339649325405235,**,0.0014377033199426473,0.056976201016973343,26541,406
short_liab_ratio,high_lev_pre,>=+2,es_lag2p_high_lev_pre,0.050063159540119695,0.01204134375765781,4.157605708107249,4.395605840934458e-05,***,0.02635001400297657,0.07377630507726282,26541,406
short_liab_ratio,private_highlev_pre,<=-4,es_lead4m_private_highlev_pre,-0.006035272157205023,0.010560607029153582,-0.5714891332045655,0.568171491156128,,-0.026832387203740857,0.014761842889330813,26541,406
short_liab_ratio,private_highlev_pre,-3,es_lead3_private_highlev_pre,-0.0111882781755996,0.00881460284781528,-1.2692889706735502,0.20549526139936747,,-0.02854696873282503,0.006170412381625828,26541,406
short_liab_ratio,private_highlev_pre,-2,es_lead2_private_highlev_pre,-0.005333125340659293,0.005500938032055613,-0.9694938044350936,0.33321752070017174,,-0.01616618075127183,0.0054999300699532455,26541,406
short_liab_ratio,private_highlev_pre,0,es_event0_private_highlev_pre,0.031490304911914756,0.015669125436028816,2.009704054031471,0.04551595296862243,**,0.0006329305704503574,0.062347679253379154,26541,406
short_liab_ratio,private_highlev_pre,+1,es_lag1_private_highlev_pre,0.025755688067168183,0.018579925140603783,1.3862105402611549,0.1668935101218696,,-0.010833954899229604,0.06234533103356597,26541,406
short_liab_ratio,private_highlev_pre,>=+2,es_lag2p_private_highlev_pre,0.04637265783655435,0.009062304228305463,5.117093475157526,6.109717307634099e-07,***,0.028526166332563364,0.06421914934054535,26541,406
short_liab_ratio,natural_highlev_pre,<=-4,es_lead4m_natural_highlev_pre,-0.00946418046036344,0.010637163688562235,-0.8897278200710531,0.3744506499804645,,-0.03041205934546508,0.011483698424738202,26541,406
short_liab_ratio,natural_highlev_pre,-3,es_lead3_natural_highlev_pre,-0.011130688531004051,0.009610592881474006,-1.1581687694273555,0.2478787244789986,,-0.030056930675008225,0.007795553613000125,26541,406
short_liab_ratio,natural_highlev_pre,-2,es_lead2_natural_highlev_pre,-0.0060283888270372885,0.005404956525855903,-1.1153445542436924,0.26575279858124357,,-0.016672426842980693,0.004615649188906116,26541,406
short_liab_ratio,natural_highlev_pre,0,es_event0_natural_highlev_pre,0.02787166234371348,0.016216942717083398,1.718675513008544,0.08688714920001273,*,-0.0040645343596777544,0.059807859047104714,26541,406
short_liab_ratio,natural_highlev_pre,+1,es_lag1_natural_highlev_pre,0.021219474922347454,0.01902503787310058,1.1153446875577357,0.26575274158313933,,-0.016246733252930735,0.058685683097625646,26541,406
short_liab_ratio,natural_highlev_pre,>=+2,es_lag2p_natural_highlev_pre,0.040440611000298395,0.006872666943946561,5.884267538370741,1.2521521819408576e-08,***,0.02690619534453128,0.05397502665606551,26541,406
NCSKEW,natural_pre,<=-4,es_lead4m_natural_pre,-0.07675405498277522,0.0688509382647291,-1.114785897145787,0.2659917254670108,,-0.21234293545154054,0.058834825485990075,26541,406
NCSKEW,natural_pre,-3,es_lead3_natural_pre,-0.07808486816523721,0.08145710030498991,-0.9586011271316256,0.3386677119569883,,-0.2384991967851198,0.08232946045464537,26541,406
NCSKEW,natural_pre,-2,es_lead2_natural_pre,-0.010674198797334732,0.03023658708304182,-0.35302260695028487,0.7243631357300748,,-0.07021942933613458,0.04887103174146511,26541,406
NCSKEW,natural_pre,0,es_event0_natural_pre,-0.0885399827928069,0.057387032769280505,-1.5428569577516593,0.12410553270749936,,-0.20155287299763303,0.024472907412019212,26541,406
NCSKEW,natural_pre,+1,es_lag1_natural_pre,-0.2255799243554035,0.08302409592036186,-2.717041623335274,0.0070379724248006426,***,-0.3890801540035454,-0.0620796947072616,26541,406
NCSKEW,natural_pre,>=+2,es_lag2p_natural_pre,-0.27117364311416314,0.05738622471343021,-4.725413537278745,3.7987569698749724e-06,***,-0.38418494200606224,-0.15816234422226405,26541,406
DUVOL,natural_pre,<=-4,es_lead4m_natural_pre,-0.04555819393277181,0.044183411332850205,-1.0311153566112143,0.3034637009810277,,-0.13256905288254836,0.04145266501700474,26541,406
DUVOL,natural_pre,-3,es_lead3_natural_pre,-0.08390593989217225,0.03581218285336328,-2.3429440264988557,0.01990147474011361,**,-0.1544312501146726,-0.013380629669671906,26541,406
DUVOL,natural_pre,-2,es_lead2_natural_pre,-0.03815819016639944,0.02247144871993188,-1.6980743272040857,0.09071359248099098,*,-0.08241145165038541,0.006095071317586534,26541,406
DUVOL,natural_pre,0,es_event0_natural_pre,-0.04624387182106122,0.03204894929792537,-1.4429138188332036,0.15027198375765916,,-0.10935820642602653,0.016870462783904104,26541,406
DUVOL,natural_pre,+1,es_lag1_natural_pre,-0.12199229074918862,0.05357535135305782,-2.277022691746209,0.023613652339017133,**,-0.22749879645214965,-0.01648578504622758,26541,406
DUVOL,natural_pre,>=+2,es_lag2p_natural_pre,-0.1400895891727505,0.03250141759417698,-4.310260891446446,2.3308712632674755e-05,***,-0.20409497437604576,-0.07608420396945523,26541,406
NCSKEW,failure_cost_pre,<=-4,es_lead4m_failure_cost_pre,-0.006374902254320961,0.10917542751155994,-0.05839136515994829,0.9534826237696012,,-0.22137522562064035,0.20862542111199842,26541,406
NCSKEW,failure_cost_pre,-3,es_lead3_failure_cost_pre,-0.02445658264104663,0.10542720226182967,-0.2319760186778781,0.8167426939442788,,-0.23207548640489659,0.1831623211228033,26541,406
NCSKEW,failure_cost_pre,-2,es_lead2_failure_cost_pre,0.033179677205416695,0.04094468452294837,0.8103537148227482,0.41849251491951334,,-0.04745312280476619,0.11381247721559959,26541,406
NCSKEW,failure_cost_pre,0,es_event0_failure_cost_pre,-0.07365092435155092,0.058372095226558514,-1.2617488556079917,0.20819207730910416,,-0.18860370846545624,0.0413018597623544,26541,406
NCSKEW,failure_cost_pre,+1,es_lag1_failure_cost_pre,-0.18982880807257285,0.11464359442067028,-1.655816960658263,0.09898893542599252,*,-0.41559765033070284,0.035940034185557135,26541,406
NCSKEW,failure_cost_pre,>=+2,es_lag2p_failure_cost_pre,-0.3069223651500662,0.09396291005260897,-3.266420388408822,0.001238557539356533,***,-0.4919645170904581,-0.12188021320967435,26541,406
DUVOL,failure_cost_pre,<=-4,es_lead4m_failure_cost_pre,-0.012909603280319707,0.062381136401191424,-0.20694722836234103,0.8362162267756612,,-0.13575743455439024,0.10993822799375083,26541,406
DUVOL,failure_cost_pre,-3,es_lead3_failure_cost_pre,-0.08607257125729367,0.045257439162463435,-1.90184360516541,0.05831852539374882,*,-0.17519852456423973,0.0030533820496523867,26541,406
DUVOL,failure_cost_pre,-2,es_lead2_failure_cost_pre,0.001110284749744535,0.04295760856981118,0.025846055837586753,0.9794003414535033,,-0.08348658786222891,0.08570715736171798,26541,406
DUVOL,failure_cost_pre,0,es_event0_failure_cost_pre,-0.0483170679132532,0.04272641793185721,-1.130847617282411,0.2591816823880808,,-0.1324586543582537,0.03582451853174731,26541,406
DUVOL,failure_cost_pre,+1,es_lag1_failure_cost_pre,-0.11567404399004794,0.06694574752850216,-1.7278773971535637,0.08522087048152849,*,-0.24751101220438274,0.016162924224286862,26541,406
DUVOL,failure_cost_pre,>=+2,es_lag2p_failure_cost_pre,-0.15481039789949894,0.04632742950770957,-3.341657405657186,0.0009576254393364181,***,-0.2460434945029748,-0.06357730129602307,26541,406
absDA,natural_pre,<=-4,es_lead4m_natural_pre,-0.007175263570140164,0.01479008577970297,-0.48514009161373944,0.6281979112914615,,-0.03636991607471887,0.02201938893443854,7942,363
absDA,natural_pre,-3,es_lead3_natural_pre,-0.012154454425236522,0.01269625679075035,-0.9573258185902045,0.3397543395270217,,-0.03721602679444683,0.01290711794397378,7942,363
absDA,natural_pre,-2,es_lead2_natural_pre,0.010362290913565175,0.02254905928863045,0.4595442666111569,0.6464270606027325,,-0.03414806284923293,0.05487264467636327,7942,363
EarnQualAbs,natural_pre,<=-4,es_lead4m_natural_pre,-0.0031331342877141607,0.006240147118184477,-0.5020930161380109,0.6160422593773727,,-0.015422855849003736,0.009156587273575415,25078,403
EarnQualAbs,natural_pre,-3,es_lead3_natural_pre,0.0029411281837364222,0.0024840571765758265,1.1840018061865427,0.23753238043331537,,-0.0019511236276795298,0.007833379995152375,25078,403
EarnQualAbs,natural_pre,-2,es_lead2_natural_pre,0.0007047443412526964,0.003347313871044425,0.2105402625517167,0.8334168466690879,,-0.005887657195803853,0.007297145878309246,25078,403
EarnQualAbs,natural_pre,0,es_event0_natural_pre,-0.0008968881209382135,0.0024682910412092062,-0.3633640060933947,0.7166388266178754,,-0.005758089155812581,0.0039643129139361535,25078,403
EarnQualAbs,natural_pre,+1,es_lag1_natural_pre,0.001500218215693054,0.002828809567016983,0.5303355281264316,0.5963481774363646,,-0.004071009716937088,0.007071446148323196,25078,403
EarnQualAbs,natural_pre,>=+2,es_lag2p_natural_pre,-0.0013625099142876172,0.009439025683368841,-0.1443485757950952,0.8853410543494544,,-0.01995229558142655,0.01722727575285132,25078,403
AuditFee,failure_cost_pre,<=-4,es_lead4m_failure_cost_pre,-0.06738195783327203,0.02622225326847989,-2.5696478919402255,0.010749272641291219,**,-0.11902171836015202,-0.01574219730639203,26490,406
AuditFee,failure_cost_pre,-3,es_lead3_failure_cost_pre,-0.04494313507198466,0.03836627807626222,-1.171422856880966,0.24252224290747026,,-0.12049825201334123,0.030611981869371904,26490,406
AuditFee,failure_cost_pre,-2,es_lead2_failure_cost_pre,-0.02852493567187302,0.04295836013347609,-0.6640136072057471,0.5072815315730845,,-0.11312328834611568,0.05607341700236965,26490,406
AuditFee,failure_cost_pre,0,es_event0_failure_cost_pre,-0.025286192578343344,0.04061926215816627,-0.6225172796069537,0.5341580533056001,,-0.10527813488589553,0.054705749729208844,26490,406
AuditFee,failure_cost_pre,+1,es_lag1_failure_cost_pre,-0.00575968151399862,0.027546143087313738,-0.20909212210733114,0.8345432592826885,,-0.060006592254423854,0.04848722922642662,26490,406
AuditFee,failure_cost_pre,>=+2,es_lag2p_failure_cost_pre,0.025980854033893375,0.03561615400765777,0.7294682639879443,0.4663847840029005,,-0.04415841451076377,0.09612012257855052,26490,406
CustConc,private_pre,<=-4,es_lead4m_private_pre,-0.6303688042335671,1.4568612600084292,-0.43268966066811326,0.6656088472717696,,-3.499489231550817,2.2387516230836826,25601,406
CustConc,private_pre,-3,es_lead3_private_pre,-0.40311512101489116,0.8128596952239099,-0.49592214177115684,0.6203798696301295,,-2.0039486527516743,1.1977184107218921,25601,406
CustConc,private_pre,-2,es_lead2_private_pre,0.1508621552467741,0.7362317609421596,0.20491122938477283,0.8378062402846693,,-1.2990614871367694,1.6007857976303177,25601,406
CustConc,private_pre,0,es_event0_private_pre,2.0335691951519306,0.4328438516312993,4.698158903003536,4.3119287855830635e-06,***,1.1811330911492388,2.8860052991546223,25601,406
CustConc,private_pre,+1,es_lag1_private_pre,1.792913385113649,1.254272097521473,1.4294453242295415,0.15410988653914348,,-0.677231024102154,4.263057794329452,25601,406
CustConc,private_pre,>=+2,es_lag2p_private_pre,1.2636407875011662,1.2929516282041207,0.9773302882616989,0.3293392395050865,,-1.2826785016754005,3.809960076677733,25601,406
CustConc,high_lev_pre,<=-4,es_lead4m_high_lev_pre,-0.8203041750790335,2.6062836574554256,-0.31474094261862323,0.7532177678411722,,-5.953079605558398,4.3124712554003315,25601,406
CustConc,high_lev_pre,-3,es_lead3_high_lev_pre,-0.2017171750400891,0.972100097931655,-0.20750658853885964,0.8357811751848461,,-2.116156336087362,1.712721986007184,25601,406
CustConc,high_lev_pre,-2,es_lead2_high_lev_pre,-0.06212992993768923,1.16616626629951,-0.05327707697705964,0.9575531876403933,,-2.3587600539817957,2.2345001941064173,25601,406
CustConc,high_lev_pre,0,es_event0_high_lev_pre,-0.59773380189763,0.9777068614987647,-0.611363001975194,0.5415082142499918,,-2.5232148379148227,1.3277472341195629,25601,406
CustConc,high_lev_pre,+1,es_lag1_high_lev_pre,-2.552512976351043,0.8071649088121463,-3.162319060806812,0.0017561807550434683,***,-4.142131282265221,-0.9628946704368646,25601,406
CustConc,high_lev_pre,>=+2,es_lag2p_high_lev_pre,-2.36775927496528,1.4614594149883204,-1.6201334437906387,0.10644933741475748,,-5.245935238827375,0.5104166888968158,25601,406
InvestIneff,natural_pre,<=-4,es_lead4m_natural_pre,-0.010933067577099314,0.009492980298090533,-1.1517002283569941,0.25057614239340653,,-0.02963209710456038,0.007765961950361753,22884,397
InvestIneff,natural_pre,-3,es_lead3_natural_pre,-0.018458018837313923,0.007048653051689575,-2.618659012148357,0.009382477246418164,***,-0.032342275140772536,-0.004573762533855309,22884,397
InvestIneff,natural_pre,-2,es_lead2_natural_pre,-0.009719437165336109,0.011078005017885074,-0.8773634918601677,0.38115582058568287,,-0.03154060780196554,0.012101733471293325,22884,397
InvestIneff,natural_pre,0,es_event0_natural_pre,0.005893975926873893,0.006675081429971388,0.882981876507109,0.3781187409337641,,-0.007254428561266514,0.0190423804150143,22884,397
InvestIneff,natural_pre,+1,es_lag1_natural_pre,0.003250916570540447,0.01177653259438848,0.2760504031627704,0.7827439770043338,,-0.01994619580078429,0.026448028941865185,22884,397
InvestIneff,natural_pre,>=+2,es_lag2p_natural_pre,-0.006441564682418288,0.010466703132235114,-0.6154339720001901,0.5388441141670075,,-0.027058608516818874,0.014175479151982296,22884,397
Lev,natural_highlev_pre,<=-4,es_lead4m_natural_highlev_pre,-0.001513200316658351,0.011459524511946347,-0.13204739124043646,0.8950509367190351,,-0.02408056306348021,0.021054162430163507,26541,406
Lev,natural_highlev_pre,-3,es_lead3_natural_highlev_pre,0.01458352912917946,0.01190479129723435,1.2250134223325209,0.2217005139247743,,-0.008860702204312836,0.038027760462671756,26541,406
Lev,natural_highlev_pre,-2,es_lead2_natural_highlev_pre,0.0011288940151201396,0.014633470083861741,0.07714465595997767,0.9385689629574767,,-0.02768895329460075,0.029946741324841028,26541,406
Lev,natural_highlev_pre,0,es_event0_natural_highlev_pre,-0.012712461799788473,0.0056756738833146254,-2.2398154053848356,0.025965032139763533,**,-0.02388962636921698,-0.0015352972303599634,26541,406
Lev,natural_highlev_pre,+1,es_lag1_natural_highlev_pre,-0.025266154640492616,0.01049777940337448,-2.4068094469932264,0.016804124851351077,**,-0.04593954257950314,-0.004592766701482096,26541,406
Lev,natural_highlev_pre,>=+2,es_lag2p_natural_highlev_pre,-0.019601273349733335,0.006215397896430066,-3.1536634784060578,0.0018054707638561762,***,-0.031841322122991504,-0.007361224576475166,26541,406
Lev,private_highlev_pre,<=-4,es_lead4m_private_highlev_pre,0.001229174285742347,0.013095256988492787,0.09386408276083937,0.9252908346289468,,-0.024559453716588017,0.02701780228807271,26541,406
Lev,private_highlev_pre,-3,es_lead3_private_highlev_pre,0.016198146931815694,0.013608221665853001,1.1903206259831562,0.23502735052808243,,-0.010600667831599419,0.042996961695230804,26541,406
Lev,private_highlev_pre,-2,es_lead2_private_highlev_pre,0.001756444586077976,0.015164465559009518,0.11582634279085666,0.907881332796044,,-0.02810709772539352,0.031619986897549475,26541,406
Lev,private_highlev_pre,0,es_event0_private_highlev_pre,-0.013649850917031178,0.005571388388074605,-2.4499909118251906,0.014958919845044605,**,-0.024621644958401558,-0.0026780568756608007,26541,406
Lev,private_highlev_pre,+1,es_lag1_private_highlev_pre,-0.02845964645400095,0.009408579162028063,-3.024861242477588,0.0027416361866008376,***,-0.046988060845045684,-0.009931232062956218,26541,406
Lev,private_highlev_pre,>=+2,es_lag2p_private_highlev_pre,-0.026457152848886396,0.008937190523239397,-2.960343385327839,0.0033624142370831667,***,-0.044057256611057784,-0.008857049086715009,26541,406
Lev,high_lev_pre,<=-4,es_lead4m_high_lev_pre,0.01679545707665871,0.009138283614635442,1.8379225010876115,0.06723708109918047,*,-0.0012006614359225572,0.03479157558923998,26541,406
Lev,high_lev_pre,-3,es_lead3_high_lev_pre,0.028987679402445052,0.007106413289385258,4.079087188152076,6.0491260815753733e-05,***,0.01499294459794189,0.04298241420694821,26541,406
Lev,high_lev_pre,-2,es_lead2_high_lev_pre,0.008100631745868092,0.009380799202451402,0.8635332204692352,0.3886558460822447,,-0.010373075277152337,0.026574338768888518,26541,406
Lev,high_lev_pre,0,es_event0_high_lev_pre,-0.00996534361947239,0.007049857782120828,-1.413552432893829,0.1587129364995672,,-0.023848703065736526,0.003918015826791748,26541,406
Lev,high_lev_pre,+1,es_lag1_high_lev_pre,-0.02366035942219705,0.008077419347923864,-2.929197854297173,0.003706016240145882,***,-0.03956730672116789,-0.007753412123226208,26541,406
Lev,high_lev_pre,>=+2,es_lag2p_high_lev_pre,-0.03296206443026625,0.012430450575832069,-2.6517191978827235,0.008510095621298897,***,-0.05744148213724033,-0.00848264672329217,26541,406
EarnQualAbs,natural_highlev_pre,<=-4,es_lead4m_natural_highlev_pre,-0.0026090711205056997,0.0018924448493023033,-1.3786774930152381,0.1692216753432798,,-0.006336165983421134,0.001118023742409735,25078,403
EarnQualAbs,natural_highlev_pre,-3,es_lead3_natural_highlev_pre,-0.0013445486957859817,0.0065706467269731035,-0.20462958239201734,0.8380273748096327,,-0.014285176091697785,0.011596078700125821,25078,403
EarnQualAbs,natural_highlev_pre,-2,es_lead2_natural_highlev_pre,-0.012809609608151114,0.0031849386289296423,-4.021932947717747,7.641278511050231e-05,***,-0.019082219563976762,-0.006536999652325465,25078,403
EarnQualAbs,natural_highlev_pre,0,es_event0_natural_highlev_pre,0.0023757439867130173,0.0030441228255070354,0.7804363105215074,0.43586946870201526,,-0.003619534844907241,0.008371022818333275,25078,403
EarnQualAbs,natural_highlev_pre,+1,es_lag1_natural_highlev_pre,0.006199269113128728,0.004951559002056538,1.2519832865879166,0.21174135560129814,,-0.0035526294041736206,0.015951167630431078,25078,403
EarnQualAbs,natural_highlev_pre,>=+2,es_lag2p_natural_highlev_pre,0.003257266367029364,0.006222249185898655,0.5234869690547326,0.6010972803153822,,-0.00899720592847374,0.015511738662532467,25078,403
InvestIneff,failure_cost_pre,<=-4,es_lead4m_failure_cost_pre,-0.039933800817652375,0.01506630026967468,-2.6505379623974963,0.008564259657740658,***,-0.06961101332265558,-0.010256588312649164,22884,397
InvestIneff,failure_cost_pre,-3,es_lead3_failure_cost_pre,-0.012456435952363534,0.012847140135466659,-0.9695882368384445,0.33321584564151197,,-0.037762403645653926,0.012849531740926859,22884,397
InvestIneff,failure_cost_pre,-2,es_lead2_failure_cost_pre,-0.021462911621074946,0.015532754188006233,-1.3817840262770489,0.16830702264156905,,-0.05205893311105372,0.009133109868903835,22884,397
InvestIneff,failure_cost_pre,0,es_event0_failure_cost_pre,0.0003479670086446216,0.012627076810620119,0.027557210102021456,0.9780379278186648,,-0.02452452558199077,0.02522045959928001,22884,397
InvestIneff,failure_cost_pre,+1,es_lag1_failure_cost_pre,0.006865292397389437,0.016001103904630002,0.42905117286332534,0.6682661134335559,,-0.024653272372499813,0.038383857167278684,22884,397
InvestIneff,failure_cost_pre,>=+2,es_lag2p_failure_cost_pre,-0.011728345847302313,0.018018113941703103,-0.6509197291819173,0.5157133285267808,,-0.047219965343535154,0.02376327364893053,22884,397
EarnQualAbs,private_highlev_pre,<=-4,es_lead4m_private_highlev_pre,-0.0013277536326965777,0.0022508749789487722,-0.5898833320883416,0.5557995072757662,,-0.005760762380189405,0.00310525511479625,25078,403
EarnQualAbs,private_highlev_pre,-3,es_lead3_private_highlev_pre,-0.000656227392909208,0.006611395537289699,-0.09925701604267113,0.9210134319374323,,-0.013677107950046232,0.012364653164227817,25078,403
EarnQualAbs,private_highlev_pre,-2,es_lead2_private_highlev_pre,-0.013061121243400775,0.0028233416420944757,-4.626121418912476,5.973081282251158e-06,***,-0.018621580315370593,-0.007500662171430957,25078,403
EarnQualAbs,private_highlev_pre,0,es_event0_private_highlev_pre,0.001739940497570956,0.00297217317505402,0.5854102015907374,0.5587978732411689,,-0.004113636359119434,0.007593517354261345,25078,403
EarnQualAbs,private_highlev_pre,+1,es_lag1_private_highlev_pre,0.006080397665368104,0.004554644035030009,1.334988556427998,0.18308965187819481,,-0.002889792610785648,0.015050587941521856,25078,403
EarnQualAbs,private_highlev_pre,>=+2,es_lag2p_private_highlev_pre,0.0014670326394347415,0.004980153883464995,0.294575764878582,0.7685614604247242,,-0.008341182359503745,0.011275247638373228,25078,403
NCSKEW,private_pre,<=-4,es_lead4m_private_pre,-0.015328872367640568,0.059787615889574694,-0.2563887544195168,0.7978573936439575,,-0.1330692562850636,0.10241151154978247,26541,406
NCSKEW,private_pre,-3,es_lead3_private_pre,-0.00471872697666822,0.08444860356911658,-0.05587690947199853,0.9554836212632285,,-0.17102425459433382,0.16158680064099737,26541,406
NCSKEW,private_pre,-2,es_lead2_private_pre,0.06871315323016676,0.03925066320805457,1.7506240051522552,0.08121325876976648,*,-0.008583592699045947,0.14600989915937945,26541,406
NCSKEW,private_pre,0,es_event0_private_pre,-0.035911188888343305,0.04603221087248527,-0.7801317427012489,0.4360368507658643,,-0.1265629083130555,0.054740530536368896,26541,406
NCSKEW,private_pre,+1,es_lag1_private_pre,-0.14518239993520907,0.09686534689210193,-1.4988063801281524,0.13516079861178976,,-0.3359403514219341,0.045575551551515964,26541,406
NCSKEW,private_pre,>=+2,es_lag2p_private_pre,-0.2068692219090142,0.0856035325009954,-2.4165967906360493,0.016369131749956356,**,-0.3754491632796534,-0.03828928053837502,26541,406
EarnQualAbs,high_lev_pre,<=-4,es_lead4m_high_lev_pre,-0.00044274836682634146,0.006270166005817622,-0.07061190507803909,0.9437628619965774,,-0.012791590933374897,0.011906094199722213,25078,403
EarnQualAbs,high_lev_pre,-3,es_lead3_high_lev_pre,-0.001246366027996543,0.006484235350917179,-0.19221480414344427,0.8477293688842804,,-0.014016809655586522,0.011524077599593436,25078,403
EarnQualAbs,high_lev_pre,-2,es_lead2_high_lev_pre,-0.010083125131665885,0.0036999489327032334,-2.7252065677293054,0.00687833688040973,***,-0.017370027397384073,-0.002796222865947698,25078,403
EarnQualAbs,high_lev_pre,0,es_event0_high_lev_pre,0.003199323657279905,0.0036753956516223543,0.8704705453595706,0.3848750400807923,,-0.0040392218979016445,0.010437869212461454,25078,403
EarnQualAbs,high_lev_pre,+1,es_lag1_high_lev_pre,0.005462198342380941,0.0052277092929273496,1.0448550285247948,0.2970951875725234,,-0.004833567189527757,0.01575796387428964,25078,403
EarnQualAbs,high_lev_pre,>=+2,es_lag2p_high_lev_pre,0.003130127644838574,0.0039024400832949977,0.802094991345946,0.4232567562060763,,-0.004555572888334879,0.010815828178012027,25078,403
DUVOL,private_pre,<=-4,es_lead4m_private_pre,-0.024035830597651978,0.03686943578060025,-0.6519175053473157,0.5150415454203918,,-0.09664320018476409,0.048571538989460136,26541,406
DUVOL,private_pre,-3,es_lead3_private_pre,-0.06215736967847706,0.034852552516083705,-1.7834380896432986,0.07570429350298191,*,-0.1307928697346248,0.006478130377670678,26541,406
DUVOL,private_pre,-2,es_lead2_private_pre,0.00792639754065751,0.020467502441636237,0.3872674530397588,0.6988812394019162,,-0.0323804713560709,0.048233266437385916,26541,406
DUVOL,private_pre,0,es_event0_private_pre,-0.02891578170237455,0.030419065803509192,-0.9505808590294965,0.3427172648969672,,-0.08882036951416335,0.03098880610941425,26541,406
DUVOL,private_pre,+1,es_lag1_private_pre,-0.09092057454911522,0.05574848145696185,-1.6309067471067606,0.10414443308582233,,-0.20070664833535196,0.01886549923712151,26541,406
DUVOL,private_pre,>=+2,es_lag2p_private_pre,-0.11507976903442758,0.04190662170504701,-2.746099884748476,0.006460370993022435,***,-0.1976069221048483,-0.03255261596400688,26541,406
NCSKEW,high_lev_pre,<=-4,es_lead4m_high_lev_pre,0.0008552220965577848,0.07128199356400979,0.011997729774347748,0.9904368074566476,,-0.13952116126896885,0.1412316054620844,26541,406
NCSKEW,high_lev_pre,-3,es_lead3_high_lev_pre,0.01338542530685358,0.08266744391724468,0.1619189450233061,0.8714979067468098,,-0.14941244578179178,0.17618329639549893,26541,406
NCSKEW,high_lev_pre,-2,es_lead2_high_lev_pre,-0.02892590677828701,0.04378775713073106,-0.6605934780337555,0.5094693663853489,,-0.11515759972582507,0.057305786169251055,26541,406
NCSKEW,high_lev_pre,0,es_event0_high_lev_pre,0.02801280005196913,0.07866139214744033,0.3561187933142965,0.7220460554179056,,-0.12689591094303745,0.1829215110469757,26541,406
NCSKEW,high_lev_pre,+1,es_lag1_high_lev_pre,0.13968723888558462,0.05006279362812035,2.7902405911108024,0.005664741110686489,***,0.04109805023754838,0.23827642753362088,26541,406
NCSKEW,high_lev_pre,>=+2,es_lag2p_high_lev_pre,0.0825508568021372,0.034498542292564646,2.392879562912115,0.017440826133439113,**,0.01461251282100022,0.15048920078327416,26541,406
DUVOL,high_lev_pre,<=-4,es_lead4m_high_lev_pre,0.018725813459915197,0.03024556451768297,0.6191259365969913,0.536386120712117,,-0.04083709643581359,0.07828872335564399,26541,406
DUVOL,high_lev_pre,-3,es_lead3_high_lev_pre,0.02684955649777017,0.041995183496518415,0.6393484743314937,0.5231701793966934,,-0.055852002244679955,0.10955111524022029,26541,406
DUVOL,high_lev_pre,-2,es_lead2_high_lev_pre,0.017270619065402244,0.03371937485049111,0.512186810757279,0.6089635857407698,,-0.04913330223637696,0.08367454036718144,26541,406
DUVOL,high_lev_pre,0,es_event0_high_lev_pre,-0.000665003706111036,0.031035383894178026,-0.021427275021907655,0.9829215730886429,,-0.06178331324824324,0.06045330583602117,26541,406
DUVOL,high_lev_pre,+1,es_lag1_high_lev_pre,0.0623319744818281,0.029074989666014302,2.143834794021881,0.03299207033439577,**,0.005074290014290064,0.11958965894936613,26541,406
DUVOL,high_lev_pre,>=+2,es_lag2p_high_lev_pre,0.04533571498891012,0.022007803442374973,2.0599836375137,0.040414974297272366,**,0.001995515050677625,0.08867591492714261,26541,406
InvestIneff,natural_highlev_pre,<=-4,es_lead4m_natural_highlev_pre,-0.02816552242006758,0.006970501587052394,-4.040673697339749,7.154171498124917e-05,***,-0.041895837969518845,-0.014435206870616314,22884,397
InvestIneff,natural_highlev_pre,-3,es_lead3_natural_highlev_pre,-0.003986409539013776,0.006473192094333823,-0.6158336537707878,0.5385807034720886,,-0.016737137583105764,0.008764318505078214,22884,397
InvestIneff,natural_highlev_pre,-2,es_lead2_natural_highlev_pre,-0.021837302930245703,0.005834791838642589,-3.742601884376042,0.00022734757064024613,***,-0.03333052649664377,-0.01034407936384764,22884,397
InvestIneff,natural_highlev_pre,0,es_event0_natural_highlev_pre,-0.009280371144172718,0.004151151600553413,-2.2356136410280705,0.026285919847772732,**,-0.01745720327847399,-0.0011035390098714463,22884,397
InvestIneff,natural_highlev_pre,+1,es_lag1_natural_highlev_pre,-0.004687138649956061,0.00431695757507178,-1.0857504546771288,0.2786653270738917,,-0.013190571147472248,0.0038162938475601255,22884,397
InvestIneff,natural_highlev_pre,>=+2,es_lag2p_natural_highlev_pre,-0.009111376076503877,0.005418947938485506,-1.6813920672303664,0.09397151310374952,*,-0.019785480975878483,0.0015627288228707275,22884,397
CustHHI,high_lev_pre,<=-4,es_lead4m_high_lev_pre,-0.03220422845824024,1.3386535070964765,-0.024057180060052155,0.9808295211681395,,-2.670909676795975,2.606501219879494,18164,370
CustHHI,high_lev_pre,-3,es_lead3_high_lev_pre,0.20698325989929087,0.501555548137829,0.4126826244227115,0.6802542447437627,,-0.781664923143886,1.1956314429424677,18164,370
CustHHI,high_lev_pre,-2,es_lead2_high_lev_pre,0.043762771028751105,0.4722939578706049,0.09266002729753502,0.9262607469733641,,-0.8872060220484412,0.9747315641059435,18164,370
CustHHI,high_lev_pre,0,es_event0_high_lev_pre,-0.239612392235768,0.49060290480989377,-0.4884039411234563,0.6257661833203529,,-1.2066711203005553,0.7274463358290194,18164,370
CustHHI,high_lev_pre,+1,es_lag1_high_lev_pre,-1.0225537332398111,0.3956023410496424,-2.5848020275276764,0.010411058830036346,**,-1.8023507809217114,-0.24275668555791097,18164,370
CustHHI,high_lev_pre,>=+2,es_lag2p_high_lev_pre,-0.4139943139429209,0.7526221107093654,-0.5500692951376632,0.5828481946513471,,-1.8975358379745917,1.0695472100887498,18164,370
InvestIneff,private_highlev_pre,<=-4,es_lead4m_private_highlev_pre,-0.03495395490628665,0.008972966258137021,-3.895473793249707,0.0001267405730485116,***,-0.05262867409258532,-0.017279235719987983,22884,397
InvestIneff,private_highlev_pre,-3,es_lead3_private_highlev_pre,-0.007759053473264452,0.006622520031920064,-1.1716164595752645,0.24249855412750287,,-0.020803923865335573,0.005285816918806668,22884,397
InvestIneff,private_highlev_pre,-2,es_lead2_private_highlev_pre,-0.022954017537547434,0.005858173542986402,-3.9182890996851296,0.00011597419061115666,***,-0.03449329778648336,-0.011414737288611511,22884,397
InvestIneff,private_highlev_pre,0,es_event0_private_highlev_pre,-0.012086428184447665,0.0035139393423996887,-3.4395665396414543,0.000685558817648424,***,-0.019008095928186225,-0.0051647604407091055,22884,397
InvestIneff,private_highlev_pre,+1,es_lag1_private_highlev_pre,-0.0077689699104986866,0.004656600584123322,-1.668377987364213,0.09652867923817121,*,-0.01694142251083,0.0014034826898326287,22884,397
InvestIneff,private_highlev_pre,>=+2,es_lag2p_private_highlev_pre,-0.011700423350160732,0.006147442479210105,-1.9032993622518837,0.05818318564773728,*,-0.023809498143062185,0.00040865144274072375,22884,397
AuditFee,private_pre,<=-4,es_lead4m_private_pre,-0.02069155482761418,0.010555349715509553,-1.9602907895330977,0.051050629119209434,*,-0.041478316590821816,9.520693559345733e-05,26490,406
AuditFee,private_pre,-3,es_lead3_private_pre,-0.023126426718480548,0.034723233059103055,-0.6660217002004575,0.5059992838621761,,-0.09150725660110913,0.04525440316414804,26490,406
AuditFee,private_pre,-2,es_lead2_private_pre,-0.014274544811894618,0.02930553527438238,-0.48709380935187363,0.6266102919773551,,-0.07198624518282422,0.043437155559034976,26490,406
AuditFee,private_pre,0,es_event0_private_pre,0.0007537895019473735,0.01936241436846415,0.03893055316361174,0.9689762181749948,,-0.03737681777166897,0.03888439677556371,26490,406
AuditFee,private_pre,+1,es_lag1_private_pre,0.003600404557973824,0.013651726304138507,0.2637325476472792,0.7921990128444465,,-0.0232840843494544,0.03048489346540205,26490,406
AuditFee,private_pre,>=+2,es_lag2p_private_pre,0.011812584416459687,0.020162430807177074,0.5858710454820183,0.5584803497799635,,-0.027893503685967123,0.0515186725188865,26490,406
NCSKEW,private_highlev_pre,<=-4,es_lead4m_private_highlev_pre,-0.001794000254958037,0.06466743855660641,-0.027741940843809133,0.9778896711039964,,-0.1291442705295563,0.1255562700196402,26541,406
NCSKEW,private_highlev_pre,-3,es_lead3_private_highlev_pre,-0.025471689893084633,0.037401392073504146,-0.6810358781038329,0.49646675152550346,,-0.09912664663051018,0.04818326684434091,26541,406
NCSKEW,private_highlev_pre,-2,es_lead2_private_highlev_pre,-0.005179519962122934,0.032362554453491565,-0.16004669747459074,0.8729709932090017,,-0.06891144051470395,0.05855240059045809,26541,406
NCSKEW,private_highlev_pre,0,es_event0_private_highlev_pre,0.04736272582675918,0.055844412149522925,0.8481193373465173,0.3971669002793783,,-0.06261226528631102,0.1573377169398294,26541,406
NCSKEW,private_highlev_pre,+1,es_lag1_private_highlev_pre,0.11253960716070656,0.021603187329003966,5.20939829140922,3.9092686732189463e-07,***,0.06999622201126689,0.15508299231014622,26541,406
NCSKEW,private_highlev_pre,>=+2,es_lag2p_private_highlev_pre,-0.04330412073891006,0.06996377227826983,-0.6189506272857155,0.5365014243486637,,-0.1810845169930288,0.0944762755152087,26541,406
InvestIneff,private_pre,<=-4,es_lead4m_private_pre,-0.012189057741970467,0.010915853077997036,-1.116638127581601,0.2652519798423878,,-0.03369082563923981,0.009312710155298873,22884,397
InvestIneff,private_pre,-3,es_lead3_private_pre,-0.012573577909859354,0.007822330380809286,-1.6073954049174937,0.10926619290164408,,-0.027981804006539455,0.0028346481868207485,22884,397
InvestIneff,private_pre,-2,es_lead2_private_pre,-0.003979900820377326,0.011641751736087776,-0.34186442990707305,0.7327483846205975,,-0.026911525308027814,0.01895172366727316,22884,397
InvestIneff,private_pre,0,es_event0_private_pre,0.0018401060021145687,0.005106745098095207,0.3603285393666741,0.7189144602133433,,-0.008219029736079993,0.01189924174030913,22884,397
InvestIneff,private_pre,+1,es_lag1_private_pre,-0.0008049364391235304,0.010255766028420604,-0.07848623270976583,0.93750587202287,,-0.021006481767385003,0.01939660888913794,22884,397
InvestIneff,private_pre,>=+2,es_lag2p_private_pre,-0.007662252476059058,0.010580819827231715,-0.7241643465413541,0.4696614554894918,,-0.028504080454354572,0.013179575502236456,22884,397
