group,outcome,exposure,coef,p,near_leads_p,post0_p,post1_p,post2p_p,direction,verdict
A_positive_information,NCSKEW,private_pre,-0.12207737064184386,0.0009755263868607145,0.0005144358149793128,0.4360368507658643,0.13516079861178976,0.016369131749956356,good_if_negative,bad_pretrend
A_positive_information,NCSKEW,natural_pre,-0.13329494598881508,8.580991976092633e-06,0.578898526448606,0.12410553270749936,0.0070379724248006426,3.7987569698749724e-06,good_if_negative,dynamic_pass
A_positive_information,NCSKEW,high_lev_pre,0.08575859442353241,0.006321515064529271,0.6840261890251078,0.7220460554179056,0.005664741110686489,0.017440826133439113,good_if_negative,dynamic_pass
A_positive_information,NCSKEW,private_highlev_pre,0.05518631319609902,0.08756721402100998,0.7929800589442795,0.3971669002793783,3.9092686732189463e-07,0.5365014243486637,good_if_negative,dynamic_pass
A_positive_information,NCSKEW,natural_highlev_pre,0.05434298654613698,0.2380150475645446,,,,,good_if_negative,weak_base
A_positive_information,NCSKEW,failure_cost_pre,-0.169100442021861,0.00017212428105262134,0.4253635794646412,0.20819207730910416,0.09898893542599252,0.001238557539356533,good_if_negative,dynamic_pass
A_positive_information,DUVOL,private_pre,-0.05201332273377875,0.004168954185620244,0.0419523875870972,0.3427172648969672,0.10414443308582233,0.006460370993022435,good_if_negative,bad_pretrend
A_positive_information,DUVOL,natural_pre,-0.05448656788574245,0.0012135509213491158,0.0477912777474822,0.15027198375765916,0.023613652339017133,2.3308712632674755e-05,good_if_negative,bad_pretrend
A_positive_information,DUVOL,high_lev_pre,0.01789769438785265,0.04113855896905516,0.8135468695837275,0.9829215730886429,0.03299207033439577,0.040414974297272366,good_if_negative,dynamic_pass
A_positive_information,DUVOL,private_highlev_pre,0.01304147335149564,0.2617618926443499,,,,,good_if_negative,weak_base
A_positive_information,DUVOL,natural_highlev_pre,0.0082994405898547,0.5675943182640322,,,,,good_if_negative,weak_base
A_positive_information,DUVOL,failure_cost_pre,-0.07673577735505938,0.002176809801779367,0.15223506921247543,0.2591816823880808,0.08522087048152849,0.0009576254393364181,good_if_negative,dynamic_pass
A_positive_information,absDA,private_pre,,,,,,,good_if_negative,not_estimated
A_positive_information,absDA,natural_pre,,,0.012454989055825956,,,,good_if_negative,not_estimated
A_positive_information,absDA,high_lev_pre,,,,,,,good_if_negative,not_estimated
A_positive_information,absDA,private_highlev_pre,,,,,,,good_if_negative,not_estimated
A_positive_information,absDA,natural_highlev_pre,,,,,,,good_if_negative,not_estimated
A_positive_information,absDA,failure_cost_pre,,,,,,,good_if_negative,not_estimated
A_positive_information,EarnQualAbs,private_pre,-0.001822565616921847,0.29140577047628646,,,,,good_if_negative,weak_base
A_positive_information,EarnQualAbs,natural_pre,0.0005376307486898657,0.8475913916064091,0.2013691924313517,0.7166388266178754,0.5963481774363646,0.8853410543494544,good_if_negative,weak_base
A_positive_information,EarnQualAbs,high_lev_pre,0.00658176002861349,0.0014227618143924925,0.013658327339539488,0.3848750400807923,0.2970951875725234,0.4232567562060763,good_if_negative,bad_pretrend
A_positive_information,EarnQualAbs,private_highlev_pre,0.006629694709548695,0.0008492457466122705,5.616830120157617e-15,0.5587978732411689,0.18308965187819481,0.7685614604247242,good_if_negative,bad_pretrend
A_positive_information,EarnQualAbs,natural_highlev_pre,0.00791710670842994,0.0004349031391031044,6.090328839235467e-14,0.43586946870201526,0.21174135560129814,0.6010972803153822,good_if_negative,bad_pretrend
A_positive_information,EarnQualAbs,failure_cost_pre,0.0024474198377118016,0.4902146626148305,,,,,good_if_negative,weak_base
A_audit_risk,AuditFee,private_pre,0.019954239025255702,0.08299118720989918,0.7249648503091575,0.9689762181749948,0.7921990128444465,0.5584803497799635,risk_pricing_if_positive,pooled_only
A_audit_risk,AuditFee,natural_pre,0.01553055414342854,0.28971924164220386,,,,,risk_pricing_if_positive,weak_base
A_audit_risk,AuditFee,high_lev_pre,-0.0008354985558119883,0.9572421175177652,,,,,risk_pricing_if_positive,weak_base
A_audit_risk,AuditFee,private_highlev_pre,0.012388407072215215,0.2650606148349557,,,,,risk_pricing_if_positive,weak_base
A_audit_risk,AuditFee,natural_highlev_pre,0.009918133924781754,0.20549859141458415,,,,,risk_pricing_if_positive,weak_base
A_audit_risk,AuditFee,failure_cost_pre,0.03594099966829943,0.05774871430041939,0.42765611246680646,0.5341580533056001,0.8345432592826885,0.4663847840029005,risk_pricing_if_positive,pooled_only
A_audit_risk,NonStdAudit,private_pre,0.007475365501517376,0.7223439632920767,,,,,risk_pricing_if_positive,weak_base
A_audit_risk,NonStdAudit,natural_pre,0.014160060260119192,0.5413996378273755,,,,,risk_pricing_if_positive,weak_base
A_audit_risk,NonStdAudit,high_lev_pre,0.0025104966439597858,0.7926286054658589,,,,,risk_pricing_if_positive,weak_base
A_audit_risk,NonStdAudit,private_highlev_pre,0.019290169701967775,0.17764898743832935,,,,,risk_pricing_if_positive,weak_base
A_audit_risk,NonStdAudit,natural_highlev_pre,0.016118038292985092,0.24571309797337704,,,,,risk_pricing_if_positive,weak_base
A_audit_risk,NonStdAudit,failure_cost_pre,0.0033991099605924177,0.9236763098318692,,,,,risk_pricing_if_positive,weak_base
A_audit_risk,AuditDelayLn,private_pre,0.010689023283982415,0.33369327209223565,,,,,risk_pricing_if_positive,weak_base
A_audit_risk,AuditDelayLn,natural_pre,0.021685925494995324,0.1609793932090655,,,,,risk_pricing_if_positive,weak_base
A_audit_risk,AuditDelayLn,high_lev_pre,-0.0013493040804001388,0.8559890809695245,,,,,risk_pricing_if_positive,weak_base
A_audit_risk,AuditDelayLn,private_highlev_pre,0.01173929970592711,0.33935631830446633,,,,,risk_pricing_if_positive,weak_base
A_audit_risk,AuditDelayLn,natural_highlev_pre,0.015370186742490896,0.1757138091135113,,,,,risk_pricing_if_positive,weak_base
A_audit_risk,AuditDelayLn,failure_cost_pre,0.02973823659187687,0.10053666002534878,,,,,risk_pricing_if_positive,weak_base
A_audit_risk,AuditorSwitch,private_pre,-0.011127262213996207,0.7279360676794737,,,,,risk_pricing_if_positive,weak_base
A_audit_risk,AuditorSwitch,natural_pre,-0.010380253677893395,0.7674044064069045,,,,,risk_pricing_if_positive,weak_base
A_audit_risk,AuditorSwitch,high_lev_pre,-0.02193076727154492,0.4344174120174462,,,,,risk_pricing_if_positive,weak_base
A_audit_risk,AuditorSwitch,private_highlev_pre,0.013278261550910532,0.26389414400929834,,,,,risk_pricing_if_positive,weak_base
A_audit_risk,AuditorSwitch,natural_highlev_pre,0.0008992385680668666,0.9327824703634886,,,,,risk_pricing_if_positive,weak_base
A_audit_risk,AuditorSwitch,failure_cost_pre,-0.02690237597419174,0.6513289643277127,,,,,risk_pricing_if_positive,weak_base
B_debt_pressure,short_liab_ratio,private_pre,0.024623472910313016,0.10434989512727655,,,,,ambiguous,weak_base
B_debt_pressure,short_liab_ratio,natural_pre,0.019814984430229932,0.2549296690321219,,,,,ambiguous,weak_base
B_debt_pressure,short_liab_ratio,high_lev_pre,0.026496720391226775,0.007175494634773294,0.2853903939794661,0.04136052905443455,0.039339649325405235,4.395605840934458e-05,ambiguous,dynamic_pass
B_debt_pressure,short_liab_ratio,private_highlev_pre,0.038737294207554306,0.003532394513259929,0.2561248428500793,0.04551595296862243,0.1668935101218696,6.109717307634099e-07,ambiguous,dynamic_pass
B_debt_pressure,short_liab_ratio,natural_highlev_pre,0.03564415234181583,0.011219668284302431,0.21675653236943693,0.08688714920001273,0.26575274158313933,1.2521521819408576e-08,ambiguous,dynamic_pass
B_debt_pressure,short_liab_ratio,failure_cost_pre,0.04227119373573699,0.10338519040609584,,,,,ambiguous,weak_base
B_debt_pressure,Lev,private_pre,0.003950610560442451,0.6203751679526586,,,,,good_if_negative,weak_base
B_debt_pressure,Lev,natural_pre,0.007801101984081462,0.2317312157219389,,,,,good_if_negative,weak_base
B_debt_pressure,Lev,high_lev_pre,-0.03430902533720601,8.700797835592411e-05,2.1592338680351333e-12,0.1587129364995672,0.003706016240145882,0.008510095621298897,good_if_negative,bad_pretrend
B_debt_pressure,Lev,private_highlev_pre,-0.026292962731019696,2.1582725919788714e-05,0.0051031392865061136,0.014958919845044605,0.0027416361866008376,0.0033624142370831667,good_if_negative,bad_pretrend
B_debt_pressure,Lev,natural_highlev_pre,-0.021478686950771365,4.251436540370079e-06,0.00358769468138009,0.025965032139763533,0.016804124851351077,0.0018054707638561762,good_if_negative,bad_pretrend
B_debt_pressure,Lev,failure_cost_pre,-0.01917055750590612,0.17503098006754225,,,,,good_if_negative,weak_base
B_debt_pressure,InvestIneff,private_pre,0.006181550766497956,0.09650514620388662,0.012328393083189004,0.7189144602133433,0.93750587202287,0.4696614554894918,good_if_negative,bad_pretrend
B_debt_pressure,InvestIneff,natural_pre,0.011476528454675887,2.6697175725676203e-06,0.0011898151866274816,0.3781187409337641,0.7827439770043338,0.5388441141670075,good_if_negative,bad_pretrend
B_debt_pressure,InvestIneff,high_lev_pre,0.006526382950863183,0.11015178881840404,,,,,good_if_negative,weak_base
B_debt_pressure,InvestIneff,private_highlev_pre,0.008494869488922564,0.06267961249163645,9.392783194553038e-05,0.000685558817648424,0.09652867923817121,0.05818318564773728,good_if_negative,bad_pretrend
B_debt_pressure,InvestIneff,natural_highlev_pre,0.008076602333477904,0.05668022906802728,0.0008928531304554193,0.026285919847772732,0.2786653270738917,0.09397151310374952,good_if_negative,bad_pretrend
B_debt_pressure,InvestIneff,failure_cost_pre,0.022081940656589,0.0007239009513615446,0.2707960991630766,0.9780379278186648,0.6682661134335559,0.5157133285267808,good_if_negative,pooled_only
B_supply_chain,CustConc,private_pre,2.067409391472951,0.019512555755513583,0.6625197573001973,4.3119287855830635e-06,0.15410988653914348,0.3293392395050865,ambiguous,dynamic_pass
B_supply_chain,CustConc,natural_pre,1.3757808726483591,0.12656737601454582,,,,,ambiguous,weak_base
B_supply_chain,CustConc,high_lev_pre,-1.3841576935192887,0.03739978770669938,0.9351421990873932,0.5415082142499918,0.0017561807550434683,0.10644933741475748,ambiguous,dynamic_pass
B_supply_chain,CustConc,private_highlev_pre,0.20505875709108162,0.692001717908246,,,,,ambiguous,weak_base
B_supply_chain,CustConc,natural_highlev_pre,-0.4120448293751344,0.3706692410998116,,,,,ambiguous,weak_base
B_supply_chain,CustConc,failure_cost_pre,1.3674067200353432,0.21351664006690774,,,,,ambiguous,weak_base
B_supply_chain,SuppConc,private_pre,-1.1811618894716802,0.22600270118973476,,,,,ambiguous,weak_base
B_supply_chain,SuppConc,natural_pre,-0.7330079093309845,0.29652702783009843,,,,,ambiguous,weak_base
B_supply_chain,SuppConc,high_lev_pre,0.9957724491458226,0.3518244505167847,,,,,ambiguous,weak_base
B_supply_chain,SuppConc,private_highlev_pre,0.6559526430751451,0.21853710573276763,,,,,ambiguous,weak_base
B_supply_chain,SuppConc,natural_highlev_pre,0.7820348263478124,0.28445540666041746,,,,,ambiguous,weak_base
B_supply_chain,SuppConc,failure_cost_pre,-1.0489721672994616,0.3215189568185495,,,,,ambiguous,weak_base
B_supply_chain,SCConc,private_pre,0.4452026685595069,0.6848486961240774,,,,,ambiguous,weak_base
B_supply_chain,SCConc,natural_pre,0.4144131161649004,0.6234913918520291,,,,,ambiguous,weak_base
B_supply_chain,SCConc,high_lev_pre,-0.19316811163106984,0.8273576360536545,,,,,ambiguous,weak_base
B_supply_chain,SCConc,private_highlev_pre,0.36941992699051157,0.372945388938408,,,,,ambiguous,weak_base
B_supply_chain,SCConc,natural_highlev_pre,0.1773811978211148,0.6966727117113098,,,,,ambiguous,weak_base
B_supply_chain,SCConc,failure_cost_pre,0.26527499854505987,0.7724158992628141,,,,,ambiguous,weak_base
B_supply_chain,CustHHI,private_pre,0.18051134061036628,0.8102963854552021,,,,,ambiguous,weak_base
B_supply_chain,CustHHI,natural_pre,-0.39392312767778137,0.5782663550074667,,,,,ambiguous,weak_base
B_supply_chain,CustHHI,high_lev_pre,-0.6092459228121451,0.06018297467900635,0.8488064182677378,0.6257661833203529,0.010411058830036346,0.5828481946513471,ambiguous,dynamic_pass
B_supply_chain,CustHHI,private_highlev_pre,-0.1923121920702967,0.6904664044349298,,,,,ambiguous,weak_base
B_supply_chain,CustHHI,natural_highlev_pre,-0.5596178865433499,0.1723639126752443,,,,,ambiguous,weak_base
B_supply_chain,CustHHI,failure_cost_pre,-1.122516917653405,0.1887033071872286,,,,,ambiguous,weak_base
