outcome,exposure,spec,status,coef,se_city_cluster,t,p,sig,n_input,treated_x_obs,clusters_city,y_mean,weak_proxy,coef_strict,p_strict,sig_strict,n_strict,treated_x_obs_strict,clusters_city_strict,near_leads_p,all_leads_p,event0_coef,event0_p,lag1_coef,lag1_p,lag2p_coef,lag2p_p,decision,note
LossDummy,natural_pre,main_fe,ok,0.05787611700346496,0.01946837668890922,2.97282705837698,0.0032330795557578007,***,26541,997,406,0.15621114502091105,False,0.030639391923498384,0.14613053164699408,,26541,997,406,0.05650405983981187,8.511744073272673e-05,0.02217450266395592,0.3815155288470313,0.011184150982842839,0.8440658490843089,-0.01050169326974817,0.7820489263586499,base_only,只有基准显著，不能直接写。
LossDummy,failure_cost_pre,main_fe,ok,0.07328387974525238,0.021150548759202435,3.464868953500185,0.0006221892862874334,***,26541,1210,406,0.15621114502091105,False,0.04781968815773768,0.08419216160424092,*,26541,1210,406,0.11375323303968554,0.00024768398204963595,-0.0038543803468895216,0.9251900714267549,0.008108661946394098,0.8863557822724875,-0.03996868715914767,0.3837351165626042,candidate,基准、ExposureGroup-Year FE 与近端前趋势同时过关，可进入下一轮。
LossDummy,high_lev_pre,main_fe,ok,0.0164452900074427,0.017320812072230265,0.9494525971913723,0.3432894291231312,,26541,595,406,0.15621114502091105,False,-0.01236127315041145,0.5017838102993237,,26541,595,406,,,,,,,,,no_signal,当前本地数据下没有可用信号。
LossDummy,natural_highlev_pre,main_fe,ok,0.044802549183776075,0.013279120042254773,3.373909494093908,0.0008564290420109977,***,26541,400,406,0.15621114502091105,False,-0.004174055869352122,0.8043545592581047,,26541,400,406,0.017454414663278402,0.03618212798264611,-0.04227642263594225,0.2728276904568794,-0.005849786040214652,0.8587204266001129,0.009295082268384124,0.7600840099908299,base_only,只有基准显著，不能直接写。
LossDummy,private_highlev_pre,main_fe,ok,0.04062710577238354,0.015535802737712429,2.6150631839424143,0.009452467125337316,***,26541,410,406,0.15621114502091105,False,-0.007883035219450824,0.6949653859882239,,26541,410,406,0.016732876887819395,0.03368633987085377,-0.03457798362676543,0.4629872981631866,-0.009714921387957515,0.7731117272339201,-0.03096602084329526,0.40155336855560675,base_only,只有基准显著，不能直接写。
LossMagnitude,natural_pre,main_fe,ok,0.002923143891893351,0.0016802646653222,1.7396925331003268,0.08311959120291235,*,26541,997,406,0.01306470633949614,False,0.0026407628622352594,0.18912865815497892,,26541,997,406,,,,,,,,,base_only,只有基准显著，不能直接写。
LossMagnitude,failure_cost_pre,main_fe,ok,0.0035288938302523902,0.0028545651120143135,1.2362281789964984,0.2175112432254851,,26541,1210,406,0.01306470633949614,False,0.0013391732923650555,0.6514080637463517,,26541,1210,406,,,,,,,,,no_signal,当前本地数据下没有可用信号。
LossMagnitude,high_lev_pre,main_fe,ok,0.003282787649898338,0.0011871314106678946,2.7653110855279297,0.00610242442744835,***,26541,595,406,0.01306470633949614,False,0.00032216793202023225,0.8520766299762921,,26541,595,406,0.0042569450107841885,0.00036851135466373314,-0.004440121520592244,0.29179750204282673,-0.0030520454249197393,0.4320679896215447,-0.0028607883852882128,0.4883846257375981,base_only,只有基准显著，不能直接写。
LossMagnitude,natural_highlev_pre,main_fe,ok,0.004273526680550515,0.0016028465439233645,2.6662107465946168,0.008161470483248001,***,26541,400,406,0.01306470633949614,False,0.00042318644113283256,0.8392181283420075,,26541,400,406,0.0086170211014905,0.021013761504336998,-0.003372588617235881,0.5159955783063275,-0.0015475389395767157,0.6565811951623064,-0.0022423699096757984,0.6334799097203936,base_only,只有基准显著，不能直接写。
LossMagnitude,private_highlev_pre,main_fe,ok,0.004664084115316309,0.0017289360511738908,2.6976614387498885,0.007448715423766572,***,26541,410,406,0.01306470633949614,False,0.0008440766221258532,0.7061269463841664,,26541,410,406,0.0017271683932980244,0.003247991683216464,-0.0024365815523921435,0.6510574028415559,-0.0005080211375003796,0.8913211008974031,-0.002562922266863528,0.5952794072297867,base_only,只有基准显著，不能直接写。
NegAccrual,natural_pre,main_fe,ok,0.011472204763021694,0.0020134469073832943,5.697793530563536,3.340065313217622e-08,***,26541,997,406,0.03931797892069554,False,0.010302873877227371,9.413117369105883e-05,***,26541,997,406,0.3976316400895338,0.5908460727119726,0.004450370017583155,0.25748198928199306,0.0064763050434320565,0.37319505885356863,-0.0009351292810126275,0.871595052607095,candidate,基准、ExposureGroup-Year FE 与近端前趋势同时过关，可进入下一轮。
NegAccrual,failure_cost_pre,main_fe,ok,0.016453579965161433,0.004756273251731477,3.4593428708436087,0.0006345066247257503,***,26541,1210,406,0.03931797892069554,False,0.014805929194756194,0.0005014485090069076,***,26541,1210,406,0.5101028483473776,0.5370820679391677,0.0006218062342300197,0.9423313881057258,0.009646867565944428,0.2838197518814556,-0.0008080013770273194,0.9356723583391973,candidate,基准、ExposureGroup-Year FE 与近端前趋势同时过关，可进入下一轮。
NegAccrual,high_lev_pre,main_fe,ok,0.005924484468659401,0.004264214953100909,1.3893493958017185,0.1659384906912198,,26541,595,406,0.03931797892069554,False,0.0032388765207507866,0.4333917222857513,,26541,595,406,,,,,,,,,no_signal,当前本地数据下没有可用信号。
NegAccrual,natural_highlev_pre,main_fe,ok,0.010170250249394351,0.004566663774876598,2.2270635086703257,0.026816497465705913,**,26541,400,406,0.03931797892069554,False,0.006537038555387051,0.16565194549843332,,26541,400,406,,,,,,,,,base_only,只有基准显著，不能直接写。
NegAccrual,private_highlev_pre,main_fe,ok,0.010069707926877912,0.004092337098400642,2.4606252331493734,0.014533013286848195,**,26541,410,406,0.03931797892069554,False,0.00674663287197397,0.12701769621640957,,26541,410,406,,,,,,,,,base_only,只有基准显著，不能直接写。
ConservAccrual,natural_pre,main_fe,ok,0.017957379409378738,0.0026680985487506858,6.730403349526624,1.1112488706999102e-10,***,26541,997,406,0.01843847200569358,False,0.016514641259743047,1.0720076067061157e-05,***,26541,997,406,0.17967481650816858,0.309239414998189,0.0013194431594438678,0.8245949817400078,0.010533215352591364,0.32083197260704255,0.004046020650650488,0.6507085387657061,candidate,基准、ExposureGroup-Year FE 与近端前趋势同时过关，可进入下一轮。
ConservAccrual,failure_cost_pre,main_fe,ok,0.022081094853880615,0.005974205511951568,3.6960721906380285,0.00026801847872137685,***,26541,1210,406,0.01843847200569358,False,0.015999442899040043,0.004493602904518834,***,26541,1210,406,0.35802934940147707,0.5515209459544397,-0.009415821913976495,0.48644978443586684,0.011061143782794046,0.46625183065988907,0.0017628783865884243,0.9078591294964364,candidate,基准、ExposureGroup-Year FE 与近端前趋势同时过关，可进入下一轮。
ConservAccrual,high_lev_pre,main_fe,ok,0.007143120550562037,0.005921814294490711,1.2062385267987132,0.2288434668840389,,26541,595,406,0.01843847200569358,False,0.0006035121635313601,0.9162833579420671,,26541,595,406,,,,,,,,,no_signal,当前本地数据下没有可用信号。
ConservAccrual,natural_highlev_pre,main_fe,ok,0.01394509431047684,0.005492061889258955,2.5391364102705793,0.01170764992145612,**,26541,400,406,0.01843847200569358,False,0.004873391601407488,0.41087100689578615,,26541,400,406,,,,,,,,,base_only,只有基准显著，不能直接写。
ConservAccrual,private_highlev_pre,main_fe,ok,0.01339047789779354,0.004942645395299285,2.7091722806027287,0.007202222610153131,***,26541,410,406,0.01843847200569358,False,0.004922691218270455,0.3732363594469801,,26541,410,406,0.5288839847901476,0.276144283344667,0.001613089710845872,0.8725501275942249,0.005950279340213658,0.5237940734170548,-0.003836076857514107,0.7239598773856684,fragile_candidate,基准和近端前趋势有信号，但严格趋势控制未稳住。
IntangibleDecrease,natural_pre,main_fe,ok,0.0003406713730762853,0.00021685535191584806,1.5709613346710702,0.11743158831311007,,26521,996,406,0.002037588086970377,True,-0.0001144224373270304,0.6090466561784114,,26521,996,406,,,,,,,,,weak_proxy_only,弱代理变量，不能直接写成减值或稳健性主证据。
IntangibleDecrease,failure_cost_pre,main_fe,ok,0.0005486416956242284,0.00039169470464086946,1.4006870379502778,0.16252335710373456,,26521,1209,406,0.002037588086970377,True,0.0004822887570704028,0.25111667469434473,,26521,1209,406,,,,,,,,,weak_proxy_only,弱代理变量，不能直接写成减值或稳健性主证据。
IntangibleDecrease,high_lev_pre,main_fe,ok,-0.00025851406148578483,0.0002969274972716134,-0.8706302510249159,0.38477493509226024,,26521,595,406,0.002037588086970377,True,-0.0002534625679387813,0.5148255352362687,,26521,595,406,,,,,,,,,weak_proxy_only,弱代理变量，不能直接写成减值或稳健性主证据。
IntangibleDecrease,natural_highlev_pre,main_fe,ok,-0.00026560493879360043,0.000414711704068018,-0.6404568190099545,0.5224507377738585,,26521,400,406,0.002037588086970377,True,-0.00045371481638869853,0.3775485617194225,,26521,400,406,,,,,,,,,weak_proxy_only,弱代理变量，不能直接写成减值或稳健性主证据。
IntangibleDecrease,private_highlev_pre,main_fe,ok,-0.00025259407654425073,0.0004050201169768093,-0.6236580998239991,0.5334096074885526,,26521,410,406,0.002037588086970377,True,-0.00048785958004226204,0.34585760429352286,,26521,410,406,,,,,,,,,weak_proxy_only,弱代理变量，不能直接写成减值或稳健性主证据。
DevExpDecrease,natural_pre,main_fe,ok,-0.00019942063344070975,0.00040757891949486444,-0.48928102976440246,0.625634995524063,,7379,201,354,0.0008101031976483641,True,-0.0005118663997184157,0.32400441687777715,,7379,201,354,,,,,,,,,weak_proxy_only,弱代理变量，不能直接写成减值或稳健性主证据。
DevExpDecrease,failure_cost_pre,main_fe,ok,0.0007040010641129995,0.0005855043581870402,1.2023839861634393,0.23184437720996764,,7379,265,354,0.0008101031976483641,True,0.00036815058387554766,0.4855688685036621,,7379,265,354,,,,,,,,,weak_proxy_only,弱代理变量，不能直接写成减值或稳健性主证据。
DevExpDecrease,high_lev_pre,main_fe,ok,0.0016066769336616114,0.0003153258747596099,5.095290498714921,1.4903858764903077e-06,***,7379,162,354,0.0008101031976483641,True,0.0015160910027963998,0.0002062072676078941,***,7379,162,354,,,,,,,,,weak_proxy_only,弱代理变量，不能直接写成减值或稳健性主证据。
DevExpDecrease,natural_highlev_pre,main_fe,ok,0.0015458884854585235,0.00030418688017029853,5.082035374415426,1.5767629899521296e-06,***,7379,103,354,0.0008101031976483641,True,0.001243881957431293,0.0005782984767819244,***,7379,103,354,,,,,,,,,weak_proxy_only,弱代理变量，不能直接写成减值或稳健性主证据。
DevExpDecrease,private_highlev_pre,main_fe,ok,0.0014458320875130697,0.0002909770671475182,4.968886729413862,2.5420812073129184e-06,***,7379,112,354,0.0008101031976483641,True,0.001041130052547544,0.0024339073939303457,***,7379,112,354,,,,,,,,,weak_proxy_only,弱代理变量，不能直接写成减值或稳健性主证据。
