sample_id,keyword,archived_parent_score,codex_independent_score,human_score,human_confidence,needs_adjudication,score_gap_vs_parent_calc,score_gap_vs_codex_calc,human_notes,codex_notes,context
S001,智能制造,1,0,0,high,,-1,0,子公司名称+募投项目实施地点变更，仅主体命名，无数据应用,,产业的长远发展。2015 年 11 月 16 日，公司召开第五届董事会第二十二次会议表决通过了《关于变更部份募投资项目实施 主体及实施地点的议案》。实施主体变更为公司全资子公司巨轮（广州）机器人与智能制造有限公司， 实施地点变更为位于广州科学城开泰大道以南、发源路以北。 ②为配合广州开发区整体规划和土地储备的需要，经友好协商，子公司巨轮（广州）机器人与智能 制造有限公司同意将位于广州科学城开泰
S004,信息化,1,2,2,medium,,1,0,对车间设备做自动化、信息化改造，指向散剂生产线管理效率与信息准确性，有明确业务对象,,24 降低了劳动成本和生产成本，经济效益将十分显著。 公司还将启动对湖南金沙药业有限公司（下简称“金沙药业”）药品研发硬件改造，改善 研发工作环境；同时对两公司车间现有设备进行自动化、信息化改造，提高整个散剂生产线 的管理效率和制剂车间的管理水平，提升信息的准确性、快速性，同时运用计算机进行管理 体现了车间管理的现代化，使车间生产能够适应信息社会的发展。 2、从2019年上半年开
S005,智能化,0,2,1,high,,1,-1,推进设备自动化、智能化改造提升效率，方向性而非落地场景,,经营成本。 为此，公司将通过内部培训与招聘的方式来组建一支国际化管理、研发队伍，不断完善人才激励 和考核机制，激发员工积极性，制定科学合理的薪酬体系，提升人力资源管理水平，积极推进设 备自动化、智能化改造，提高生产效率，降低因人工成本上升带来的影响。 （7）技术风险 2020 年年度报告 29 / 185 由于国内外电气机械及器材制造业市场竞争的日趋激烈以及技术的不断发展，
S007,信息化,1,0,0,high,,-1,0,"补助项目名""工业和信息化部电子发展基金""，纯机构/资金命名",,"关 2012 年北京市科委基于物联 网“数字粮库”关键技术研究 与示范项目 600,000.00 600,000.00 与收益相关 电子信息产业发展基金工业 和信息化部电子发展基金项 目 1,000,000.00 1,000,000.00 与收益相关 重大产业专项资金项目 800,000.00 800,000.00"
S010,信息化,1,0,0,high,,-1,0,李克强讲话与新四化政策背景复述,,"商业银行申请中长期借款来解决公司北京科研中心基础建设所需 资金。 (五) 可能面对的风险 1、行业及政策风险 十八大会议中，李克强总理明确提出：""坚持走中国特色新型工业化、信息化、城镇化、农 业现代化道路""的新四化发展道路。当前我国正处于新四化水平不断提高的阶段，国家在新兴产 业及重点行业领域的政策引导及规划布局带动了整体信息产业经济的发展。从信息技术的长期 演进趋势来"
S011,信息化,1,3,2,medium,,1,-1,以内部信息化为基础形成市场快速反应机制、缩短制造周期，有管理用途,,012 年度报告全文 16 入手，帮助客户进行设备选型，推荐先进工艺与辅具，配备专业的培训人员和良好的培训环境对用户进行 培训，帮助用户发挥机床的最大效益、加工出高质量的产品；以公司内部信息化为基础，形成了对市场的 快速反应机制，缩短了制造周期，满足了客户提出的交货期要求，赢得了客户的赞誉和口碑。 2、较强的技术实力和稳定的产品质量 公司在数控机床模块化设计和研发、可重组轴承自动
S013,信息化,1,0,0,high,,-1,0,"高企认定机构""科技工贸和信息化委员会""，仅机构名",,分厂执行的所得税税率 无。 深圳市奥拓电子股份有限公司 2013 年年度报告 111 2、税收优惠及批文 （1）企业所得税 2011年10月31日本公司经深圳市科技工贸和信息化委员会、深圳市财政委员会、深圳市国家税务 局和深圳市地方税务局重新认定为高新技术企业，有效期三年。企业所得税率为15%，取得深圳市南山区 地方税务局深地税南备[2012]245号《深圳市南山区地方
S016,数字化转型,1,3,2,medium,,1,-1,集团统一架构下推数字化转型、AI在业务场景运用、数据驱动决策，含决策用途,,活力。人才是公司未来发展的基础，通过岗位胜任力模型 搭建、职业发展通道打通、四维薪酬体系建设，提升公司引入人才、培养人才、留住人才的能力，增强 员工对企业文化的价值认同。进一步实现集团统一架构下的数字化转型，探索AI 在公司业务场景的运 用，通过数字驱动为业务运营发展和决策提供科学依据，使数据全方位渗透到公司运营的各个环节，提 升企业的现代化管理水平。 十二、报告期内接待调研、沟通、采访等活动登记
S018,人工智能,1,0,0,high,,-1,0,消费电子行业智能化集成化趋势描述,,（三）行业发展趋势 公司所处的消费电子行业是典型的科技驱动行业，技术的进步推动消费电子持续向智能化和集成化发展，其中，集成 化是指产品体积持续变小的同时集成更多的功能，智能化是指将硬件设备与人工智能相结合，使得智能终端具备信息处理 深圳奥尼电子股份有限公司 2022 年年度报告全文 10 和数据联接能力，可实现感知、交互服务等功能，消费电子产品与物联网深度结合将成为行业发展的重要方向，
S019,智能化,1,1,2,medium,,1,1,产品柔性化/智能化/数字化配套数据采集层、网络化总线控制，有具体对象,,特点。产品由多个单元设备构成，每个单元设备由经过长期验证的标准化模块搭建构成，高稳定性、高可 靠性优势凸显。产品的机器视觉对位及机器视觉在识别、测量、机器人测控等方面精准度较高。 产品的柔性化、智能化和数字化，可满足下游客户柔性化的生产趋势，单机之间任意插入或删减单机， 随意重组，互换性高，各单元采取网络化，总线控制。下游客户产品换型时只需更换互换性模块，产品换 型成本低。产品设置数据采集层、
S020,数字化,1,0,0,high,,-1,0,"引用政策文件""推动制造业实现数字化转型""宏观口号",,造，要立足制造本质，紧扣智能特征，以工艺、装备为核心，以数据为基础，依托 制造单元、车间、工厂、供应链等载体，构建虚实融合、知识驱动、动态优化、安 全高效、绿色低碳的智能制造系统，推动制造业实现数字化转型、网络化协同、智 能化变革。到 2025 年，规模以上制造业企业大部分实现数字化网络化，重点行业骨 干企业初步应用智能化；到 2035 年，规模以上制造业企业全面普及数字化网络化， 重点行业
S021,信息化,1,0,0,high,,-1,0,教育信息化市场规模统计，宏观背景,,的投入都达到了 GDP 的 4%以上， 因此教育信息化财政性经费占整体我国 GDP 的 0.32%以上，2018 年有 3000 亿左右的规模，再加上 一些专项经费以及 2C 端的信息化费用，教育信息化的整体市场规模达到了 4000 多亿。未来教育 信息化市场空间仍然巨大。 （二） 化工业务 1.经营模式 公司主要从事含氟聚合物、氟精细化学品、含氟单体等含氟化学品的研究、开发、生产和经
S022,智能化,1,2,1,medium,,0,-1,"研发项目""生产过程智能化研究""仍处推进中，结果未显",是研发项目，但仍处推进中，结果未显。,明专利，推广花生专用复合肥， 提高作物产量和品质，同时提高公司的 销售业绩和市场份额。 提升公司技术 研发能力，对 公司未来发展 产生积极影 响。 绿色新型复合肥研制与 生产过程智能化研究 研制一种绿色、环保的新 型复合肥，并将生产过程 智能化。 稳步推进中 推广绿色新型复合肥，提高作物产量和 品质，同时提高公司的销售业绩和市场 份额。 提升公司技术 研发
S023,智能化,1,0,0,high,,-1,0,光学光电子行业背景中信息化、智能化技术演进描述,,门槛 公司专业从事光学元器件的研发、生产和销售，所处细分行业为光学光电子行业。光学光电 子是综合光学、机械、材料、电子、计算机、半导体等于一体的科学技术。随着第三次工业革命 时代的到来，信息化、智能化技术的快速进步，光学光电子产业与显示、成像、传感、通信、人 工智能等技术发展紧密相联，逐步实现与电子、信息、半导体等技术的跨界融合。 近年来，国际光学光电子产业处于高速发展阶段，各国在光学成像、光
S027,信息化,1,3,2,medium,,1,-1,深耕智能化、信息化及智慧城市领域并应用于民生/公共安全/智慧城市，有业务场景但偏资质介绍,,数据、人工智能等技术给智慧城市行业精心打造出可运营、可迭代、可持续、可 盈利的智慧平台。 报告期内公司注册外观设计专利3项，申报发明专利13项，获批软件著作权52项。报告期内，公司“荣获执法行业信息化 （智慧应急）最佳创新驱动解决方案奖” 3、较强的行业技术实力和资质 公司深耕智能化、信息化及智慧城市信息技术行业多年，在民生、公共安全、智慧城市三大细分应用领域，拥有较强的 技术实力和丰
S028,信息化,1,0,0,high,,-1,0,"政府补助项目名含""信息化""机构名",,"等获 得的补助 否 否 500,000.00 与收益相关 深圳市长盈精密技术股份有限公司 2019 年年度报告全文 148 高质量发展专项补 助 昆山市工业 和信息化局 补助 因研究开发、技术 更新及改造等获 得的补助 否 否 374,900.00 与收益相关 智能化生产线改造 补助 太湖新城经 济发展局 奖励 因"
S029,信息化,1,0,0,high,,-1,0,"政府补助""工业和信息化专项资金""项目名",,"走出去”专项资金 与收益相关 195,600.00 0.00 0.00 支柱型企业经营贡献奖 与收益相关 0.00 2,253,839.00 0.00 工业和信息化专项资金 与收益相关 2,000,000.00 0.00 0.00 工业和信息化专项资金 与资产相关 19,250.00 0.00 0.00 “千人计划”配套补"
S030,大数据,1,0,0,high,,-1,0,"董事/高管简历中""大数据平台负责人""任职经历",,于2014年底至2020年任蚂蚁科技集团股份有限公司大安全团队资深总监，2004 年至2009年为阿里巴巴网络技术有限公司数据库技术负责人，2010年至2014年为支付宝（中国）网络技术 有限公司大数据平台负责人，是国内数据库及大数据领域专家。 ④张粮先生：现任公司董事，出生于1961年4月，中国国籍，无境外永久居留权，大学本科学历，中 共党员，高级工程师。曾任国家轻工业部工程师，国家机电轻纺
S031,信息化,2,0,0,high,Y,-2,0,北京市经济和信息化委员会拨款合同,,"4 年度收到技术中心创新能力建设项目专项资金 5,000,000.00 元，截止 2016 年 12 月 31 日累计 结转收入 1,125,000.00 元。 (12)根据本公司与北京市经济和信息化委员会签订的《北京市工业发展资金拨款项目合同书》， 2014 年度收到固定资产投资项目拨款 2,470,000.00 元，截止 2016 年 12 月 31 日累计结转收入 1,029,166.6"
S032,智能化,2,0,0,high,Y,-2,0,新能源汽车行业电动化、智能化方向宏观趋势,,1 年销量可达 180 万辆；同时，从国际市场来看，随着欧洲排放政策的 实施和补贴政策的推动，欧洲在 2020 年的新能源汽车销量首次超过中国达到 136.7 万辆，因此， 全球新能源汽车电动化、智能化方向已经明确。在零部件配套方面，随着新能源汽车量的快速增 长，汽车零部件的需求日益增加，但市场竞争也越来越激烈，越来越充分。 (五) 投资状况分析 1、 对外股权投资总体分析 √适用 □
S033,大数据,2,0,0,high,Y,-2,0,"研究项目名单中含""基于大数据...智能型数字城市管理平台""",,、非接触式人体安检探测技 术与样机研制、基于物联网技术的污染源实时监控与减排控制系统、同方大型公共建筑 节能监测诊断平台建设及大型公共建筑低成本节能诊断改造项目；(6)其他项目 16 项： 基于大数据与新一代移动通信技术的智能型数字城市管理平台、安全快速大容量互联网 云存储服务系统建设与产业化、基于物联网的安全经济的配用电一体化系统研制、基于 E 人 E 本高安全型移动综合服务平台、应用在平板
S034,智能化,2,1,1,medium,,-1,0,紧跟汽车电动化、智能化趋势，完善产品超市品类，偏战略口径,,。依托这些优质稳定的客户资源优势，公司全球化客户/销 售体系进一步完善、优化，2022 年新能源汽车用产品销售收入占比约为 20%，紧跟全球新能源汽 车销售的渗透率大势。 2、顺应汽车电动化、智能化的发展趋势，持续完善“产品超市”品类 2022 年年度报告 11 / 211 公司紧跟全球汽车市场的发展步伐，一方面持续增强获取现有客户、现有市场份额的竞争能 力，不断提高转向系统
S035,数字化,2,1,2,medium,,0,1,新媒体产品矩阵+数字报纸/手机报纸/数字电视报纸等具体数字化产品落地,,"媒体业务涵盖门户 网站—大洋网、多媒体数字报纸、手机报纸、广州日报3G门户、手机大洋网、数字电视报纸、移动阅读本及手机客户端软 件等产品，上述产品共同组成了粤传媒的新媒体产品矩阵,公司媒体移动化、数字化发展规划已初见成效。 4. 发行物流及电商业务 公司之子公司广州日报报业经营有限公司销售分公司主要为广报系的《广州日报》、《老人报》、《广州文摘报》等报 刊以及非广报系其他报刊总计40余种报"
S036,信息化,2,1,1,medium,,-1,0,提升信息化建设和保密管理水平，治理方向陈述,,改革。 五、持续提升管理水平。加强人力资源、财务管理和物资集约管控，提升信息披露质量。坚 持依法治企，健全内控体系，推进审计监督全覆盖。扎实加强安全生产和质量管理，持续开展全 员教育培训，提升信息化建设和保密管理水平。深化和谐企业建设，维护职工合法权益，确保企 业和谐稳定发展。 六、全面加强党的建设。抓好习近平新时代中国特色社会主义思想大学习，持续巩固扩大主 题教育成果。深入实施“党建+
S037,信息化,2,1,1,medium,,-1,0,加强人才队伍和信息化建设并搭建CRM系统，偏建设方向,,，为公司通过自研、联 合开发和购买引进的新品种提供研发、中试和生产场地，提升公司产品的研发生产能力，扩大公司产品 规模，以提升公司的综合竞争力，促进公司长期健康可持续发展。 5、加强人才队伍和信息化建设方面，深入推进班组建设、履职评价、各项机制提升优化，建好四 支队伍，即管理团队、营销团队、研发团队和技术工人团队，建设专业化、年轻化的人才队伍。开展有 自身特色具备深度的客户关系管理系统的搭建
S038,智能化,2,2,0,high,Y,-2,-2,"""嘉会城智能化工程建设项目""合同工程名",项目进展/合同信息较多，应用场景有限。,报警系统、气体灭火系统项目合同》。详 见公司于2019年10月21日在巨潮资讯网披露的《关于全资子公司上海杰东系统工程控制有限 公司签署合同的公告》（公告编号：2019-078）。 2、嘉会城智能化工程建设项目 （1）项目进展情况 2016年12月27日，公司下属全资子公司北京飞利信电子技术有限公司（以下简称“飞利 信电子”）与发包人迪维（连云港）置业有限公司签订了《建设工程施工合同》
S039,数字化,2,3,3,medium,,1,0,ERP/PLM/MES/OA全球领先管理系统打通销售/生产/采购/仓储，系统嵌入明确,,与服务支持。在海外，公司通过战略合作与直供模式，深度渗透欧美、中东等主流市场。公司通过产 品迭代与服务升级，与战略客户开展联合研发与深度协作，持续价值共创，推动业务规模持续增长。 4、精细化管理与数字化运营优势 公司核心管理层具备丰富的行业经验，兼具深厚的专业知识和实战积累，确保公司战略与业务运营的高效执行。公 司依托ERP、PLM、MES、OA 等全球领先管理系统，打通销售、生产、采购、仓储、
S040,大数据,2,0,0,high,Y,-2,0,"董事简历中""中云文化大数据董事""任职",,先生于 2009 年至今任光一投资执行董事；公司董事长；全资子公 司苏源光一董事长；全资子公司智友尚云、光一贵仁执行董事；控股子公司云 商天下董事长、索瑞电气董事；参股子公司贵银投资董事、中云文化大数据董 事；天擎华媒（北京）科技有限公司董事长；南京巿人大代表，江苏省贵州商 会会长，江苏省（贵州省）工商联执委，江苏省致公党省经济委员会副主任。 过去 10 年曾控股的境内外上市公司情况 无
S041,智能制造,2,0,0,high,Y,-2,0,"补助项目""芙蓉区国库智能制造试点企业项目""项目名",,"79,972 与资产相关 中药产业园建设项目 484,751 829,124 与资产相关 医药健康产业园建设 项目 84,508 84,507 与资产相关 芙蓉区国库智能制造 试点企业项目 44,754 37,295 与资产相关 其他 131,073 1,074,032 与资产相关 稳岗补贴 15,231,2"
S042,智能制造,2,3,2,low,,0,-1,"""集成电路装备零部件全工艺智能制造生产基地""项目并披露净利润，项目名+量化结果但智能制造落地细节不足",,"394,8 11,233. 57 287,804 ,179.31 3,132,9 35,881. 85 92.29 注1：截至2024 年12 月31 日，“集成电路装备零部件全工艺智能制造生产基地”项目已实现净利润54,605,445.07 元。 注2：公司于2023 年10 月20 日召开第一届董事会第二十六次会议，审议通过了《关于以集中竞价交易方式回购公司股份方案的议案》。公司董"
S043,智能化,2,0,0,high,Y,-2,0,"""道口智能化系统""固定资产账面余额，资产列示",,"面余额 减值准备 账面价值 账面余额 减值准备 账面价值 物流天下电子商务 平台 5,773,058.38 5,773,058.38 道口智能化系统 219,971.72 219,971.72 道口钢结构土建及 80 吨电子磅工程 209,707.80 209,707.80"
S045,数字化,2,1,1,medium,,-1,0,利用精准细分的数字化媒介触达用户，营销数字化方向,,进一步融合，公司也将主动拥抱渠道变革，创新营销模式。 品牌建设方面，公司将持续推动品牌的年轻化建设，加强苏泊尔在厨房用具、生活家居电器、厨卫电器等新兴业务的品 牌力建设，利用更加精准和细分的数字化媒介，更加高效地触达用户。 出口业务方面，虽然由于疫情的影响增加了国际形势的不确定性，但是苏泊尔将依靠SEB内部订单转移优势，持续推进 与SEB在研发、设计、制造等环节的合作，扩大生产规模，获取
S046,数字化,2,0,0,high,Y,-2,0,一号文件及数字乡村规划政策引用,,一号文件”，连续第二十二年聚焦“三农”议题，强调夯实“三农”工作基础，推 进乡村全面振兴；发展智慧农业，拓展人工智能、数据、低空等技术应用场景。在数字经济蓬勃发展和数字技术广泛应 用的背景下，农业数字化成为推动农业农村现代化的关键。《数字乡村发展战略纲要》《数字农业农村发展规划 （2019−2025 年）》相关文件提出要发挥数字化和信息化在乡村振兴中的作用，并明确提升农业生产、加工、销售、物 流
S048,人工智能,2,0,0,high,Y,-2,0,"释义条目""人工智能""学术定义",,024 年年度报告全文 5 释义 释义项 指 释义内容 人工智能 指 英文缩写为AI。它是研究、开发用于模拟、延伸和扩展人 的智能的理论、方法、技术及应用系统的一门新的技术科 学。人工智能是指能够像人一样进行感知、认知、决策和执 行的人工程序或系统。感知智能，即机器具有“能听会说、 能看会认”的能力，主要涉及语音合成、语音识别、图像识 别、多语种语音处理等技术；认知智能，即机器具
S049,智能化,2,1,1,medium,,-1,0,打造智能制造实力、加强数字化印后设备研发，战略方向,,扩大产品市场占有率;加强 技术创新，强化系统创 新、集成创新、产业创新，加强与全球行业龙头企业和技术龙头企业的合作， 努力成为行业技术的引领者。 (二)打造智能制造的“实力”——拥抱数字化浪潮和智能化趋势，加强数字化印后设备的研发和投 入，继续丰富现有数字 化激光模切设备产品线，向数码冷烫等数码整饰及喷墨数码印刷市场等印中领 域进发。 (三)增强海外扩展的“魄力”——落实与海德堡的战略合作协
S050,数字化,2,3,2,low,,0,-1,"""平台+数据+运营""服务模式为城市数字化转型赋能，平台构建明确但落地证据偏宣传",,平台+数据+运营” 的服务模式为城市全行业数字化转型升级提供持续、高效、安全的赋能服务支撑，通过构筑城市级的信息融合基础设施体系、 建设丰富的信息化能力，提升城市信息化发展效率，持续打造良好的城市数字化转型生态体系。 2.2 经济中台方面，聚合本地产业，推动经济发展 数字经济中台，思特奇的研发理念是以理顺经济活动为驱动，为政府和其他组织构建本地实体企业的交易聚合平台，实 现本地产业间资金、
S051,人工智能,2,3,3,medium,,1,0,鼎捷雅典娜数智原生底座PaaS平台+业务/知识/数据/智驱中台支撑数据治理与数据工程,,以满足 制造业在数智化转型过程中的自主可控、IT+OT 融合等需求。 2、鼎捷雅典娜数智原生底座和新应用生态体系 （1）鼎捷雅典娜数智原生底座及AI 工具链 鼎捷雅典娜数智原生底座是融合新一代人工智能、大数据及知识图谱等技术的PaaS 平台，具 备低代码、多端协同、云原生等技术优势，以业务中台、知识中台、数据中台、智驱平台为支撑， 全面解决企业在结构型及非结构型数据治理、数据工程的关键需求。
S052,人工智能,2,2,1,medium,,-1,-1,行业Know-How与人工智能产品化优势，能力介绍为主,有明确场景，但主要是能力与经验介绍。,国科学院、清华大学、中山大学、西南交通大学、华南理工大学等知名院校建立专项技术研发合 作，通过与业界和同行专家企业的密切交流，在人工智能的各个领域保持前沿洞察力。 2、行业 Know-How 及人工智能产品化优势 公司在轨道交通、公共安全、城市交通三大场景已有超过 10 年的行业积累，掌握了较为深厚 的行业 Know-How（即行业专有技术、知识、经验），对客户业务的“痛点”“痒点”有较深理解
S053,人工智能,2,1,1,medium,,-1,0,通过互联网/大数据/云计算/AI拓展新型业态，战略表述,战略表述较多，落地动作不够具体。,家居一体化解决方案提供者，解决消费者家装家居的需求痛点。公司致 力于不断迭代整装大家居、零售大家居等品类+服务融合商业模式。 2.信息化战略：未来，欧派信息化还将通过互联网、大数据、云计算、AI 人工智能、供应链 协同等创新技术手段，拓展新型业态赋能，重构大家居业务生态、行业产业链、价值链，创新变 革传统定制模式并使其适配新一代大家居商业模式。 3.大家居交付能力强化：基于公司的大家居战略以及信
S056,智慧城市,2,3,3,medium,,1,0,构建智慧城市体检指标体系+建设智慧城市体检信息化平台+基于结果进行城市更新诊断与项目服务,,（1）明确智慧城市体 检的内涵与发展趋 势。 （2）基于城市体检指 标体系和国际标准、 学术研究、地方标 准、行业标准等指标 体系的研究，构建智 慧城市体检指标体 系。 （3）建设智慧城市体 检信息化平台。展示 城市体检成果形式与 内容，诊断与监测城 市问题。 （4）基于智慧城市体 检结果，进行城市更 新问题诊断与项目服 务。 通过工具、平台等方 式构建城市体检数据
S058,信息化,2,0,0,high,Y,-2,0,区域信息化建设需求增长宏观背景,,群”等区域协同发展战略的实施，以及雄安新区的设立，国 家中心城市的进一步扩容，各地区的信息化建设需求正在进一步扩张中。部分经济欠发达地区制 定并实施了以新一代信息技术为依托的跨越式发展规划，带来了信息化需求的显著增长。例如以 贵州为代表的西部省区，大数据产业成为当地经济发展的新龙头，显著地拉动了对信息化产品和 技术的需求。 2、知识密集型特征 本公司所处行业具有知识密集型特征，具体为：
S059,数字化,2,3,3,medium,,1,0,持续加码信息化并上线SAP ERP/OA/资金管理/MES系统支撑业务流程的数字化改造,,体系、加强宣导培训、开展专项行动、持续监督考核等方式狠 抓落实全员降本增效工作执行力的提升。 6、持续加码信息化改造，助力公司高质量发展 2024 年度，公司将持续加码信息化建设工作，完成中长期数字化建设总体规划，实现 SAP ERP 系统、OA 系统、 资金管理系统等正式上线运营并持续扩大 MES 系统的实施应用，同时根据生产经营需要加快推进相关作业流程的信 息化、数字化改造，初步建成契合公
S060,大数据,2,3,3,medium,,1,0,大数据+AI评标系统8.0升级+全流程闭环监管，有平台+用途+效果,,）》，为公共资源交易行业服务标准 化建设提供参考价值。 公司通过业务和技术创新，打造了全流程的闭环监管，构建全域一体化的新型监管体系，抢 抓数字化转型机遇，掀开智慧监管新篇章；在评标业务中，运用大数据、人工智能等技术解决评 标耗时长、评审点重复、评审尺度不一等问题，提升专家评审质效、规范专家行为，提升中心服 务水平；升级打造了公共资源电子交易系统8.0，进一步提升了智能化程度、系统兼容性、数据
S061,风险控制,1,0,0,high,,-1,0,金融工具风险管理标准披露,,平，使股东及其它权益投资者的利益最大化。基于该风险管理目标，本 公司风险管理的基本策略是确定和分析本公司所面临的各种风险，建立适当的风险承受底线并进 行风险管理，并及时可靠地对各种风险进行监督，将风险控制在限定的范围之内。 (1)市场风险 1）利率风险 本公司全部为固定利率借款。 2）价格风险 本公司以市场价格签订工程合同，因此受到此等价格波动的影响。 3)汇率风险 外汇风
S062,算法,1,1,0,high,,-1,-1,研发团队构成描述，人员简介,,学历、高水平的研发队伍。截至报告期末，公司研发人员 为231 人，占员工总数的比重为62.94%。截至报告期末，公司的核心技术团队由公司创始人、董 事长、首席科学家赵勇博士等在内的6 人组成，涵盖算法、智能应用、产品设计、硬件开发等多 领域的资深人才，公司副总经理、国科亿道董事长张强先生曾获得军队科技进步二等奖，公司团 队拥有丰富的学术知识与研发创新经验，对行业前沿技术与发展趋势具有深刻认知及
S063,算法,0,2,2,medium,Y,2,0,sigma-delta ADC量化+高阶滚动平均滤波器+定位算法降低通讯误码率，具体算法方案与用途,具体技术方案清楚，属于应用场景而非闭环。,ADC 输出数据快速稳定； ②采用 sigma-delta ADC 对 HART 信号进行量 化以增强解调模拟前端的抗扰性能，对 ADC 输出信号进行高抗扰计数滤波，实时检测脉 冲宽度并作对应算法处理以进一步提升系统 可靠度，最终降低系统通讯误码率； ③采用自主研发的高阶滚动平均滤波器架 构，实现高性能滤波的同时降低硬件成本及 功耗。 加速输出数据的稳 定，降低系统通讯 的误码率
S064,风险控制,1,0,0,high,,-1,0,金融工具风险管理标准披露,,标， 2019 年年度报告 185 / 209 本公司风险管理的基本策略是确定和分析本公司所面临的各种风险，建立适当的风险承受底线和 进行风险管理，并及时可靠地对各种风险进行监督，将风险控制在限定的范围之内。 本公司的金融工具包括：交易性金融资产、应收票据、应收账款、其他应收款、长期应收款、 其他非流动金融资产、短期借款、应付票据、应付账款、其他应付款、其他流动负债、长期借款、
S065,风险控制,1,0,0,high,,-1,0,经营规模扩大管理风险叙述，通用风险文字,,成不利影响。对此公司将积极应对，充分做好应急预案， 提高抵御风险能力。 管理风险：公司已建立较为规范的各项管理制度，企业经营运转良好，但随着公司的业务规模快速增 加，公司的经营决策、运作实施和风险控制的难度均有所增加，对公司经营层的管理水平也提出了更高的 要求。若公司的生产经营、销售、质量控制、风险管理等能力不能适应公司规模扩张的要求，人才培养、 组织模式和管理制度不能与业务同步发展，可能会引
S066,风险控制,1,2,1,medium,,0,-1,加强内部控制尤其是风险控制体系建设，治理方向陈述,内部控制动作明确，但未见数据流程闭环。,有综合管理能力的高素质管理团队，并及时根据公司的发展 规模调整现有的组织架构和管理制度，对投资企业人事、行政、业务、财务等各项业务流程进行固化，加大绩效考核力 度，优化管理团队，加强内部控制尤其是风险控制体系建设，以面对公司规模扩大后所带来的管理风险。 （7）重大资产重组风险 公司于2014年12月25日召开第三届董事会第十九次会议审议通过了《关于公司向特定对象发行股份及支付现金购买 资产并
S067,程序化,1,2,0,high,,-1,-2,制度化管理使工作规范化、科学化、程序化，词义复述非数据应用,,"务 （1）推行制度化管理体系，规范对子公司的管控流程 目前，公司通用航空业务板块下子公司较多，实施制度化管理能够把企业生产全过程的各个要素和环节组 织起来，使各项工作活动达到规范化、科学化、程序化，建立起生产、经营的最佳状态。 （2）扎实推进工作，加强资金管理 公司将借助利好政策背景,积极把握发展机遇,公司董事会和管理层将勤勉尽责,通过自筹资金、筹备产业 基 金投入等方式,按照既定计"
S068,算法,1,0,0,high,,-1,0,"""数量金额核算法""会计核算说明",,"格比较，选择符合采购 需求、质量服务相等,且报价最低的供应商来采购货物。 （2）销售模式：主要是经销模式，货物主要销售给下游贸易商，通过进销差价实现利润。 （3）成本核算方式：数量金额核算法，按采购的商品的数量和金额进行成本核算。 （4）利润来源：最主要的来源是经销货物的价差。 三、核心竞争力分析 公司始终坚持“以人为本出精品、诚信服务赢客户、科学管理求绩效、持续改进再发展"
S069,数据资源,1,2,0,high,,-1,-2,"""其中：数据资源""存货列示条目",数据资源为财务列示，偏资产认定口径。,"7,414,321.13 2,558,669.96 其中：应收利息 应收股利 买入返售金融资产 存货 七．10 334,333,699.36 268,079,410.76 其中：数据资源 合同资产 持有待售资产 一年内到期的非流动资产 其他流动资产 七．13 378,797,301.89 381,898,495.08 流动资产合计 1,254,321,994.71"
S070,精准营销,0,2,2,medium,Y,2,0,借助互联网海量数据分析实现精准营销与需求定制，有具体营销用途,有明确营销用途，但结果和系统嵌入不足。,归深圳本地开发项目和项目运营。 二是创新营销手段，狠抓项目去化。 2017年，公司将继续创新营销手段，联合第三方机构达成客户共享、联合宣传。同时，借助互联网工具产生的海量数据 进行分析，实现精准营销及需求定制。逐步实现由“产品导向型”发展为“客户导向型”，提升异地项目去化率和回款率。 十、接待调研、沟通、采访等活动情况 1、报告期内接待调研、沟通、采访等活动登记表 √ 适用 □ 不适
S071,风险控制,1,1,0,high,,-1,-1,"""坚持风险控制、协同发展""战略口号",,"、产融结合”战略目标，进一步巩固和发展“互联网传媒营销、户外广告”战略发 展成果，逐步剥离地产业务，布局行业前景广阔的新媒体广告领域，成功实现主业转型。保持战略定力,坚持以发展作为第 一要务，坚持风险控制、协同发展、稳健经营，推进深大通体系跨越式发展，搭建互联网传媒发展平台，开创各项事业的新 局面，实现主要经济指标持续增长。 公司未来将包含三个大的业务板块，即移动互联网网页广告（以"
S072,数据资源,1,2,0,high,,-1,-2,"""其中：数据资源""存货列示条目",数据资源为财务列示，非运营使用场景。,".28 49,128,008.60 4,232,200,698.68 3,953,852,642.53 28,595,604.22 3,925,257,038.31 (2). 确认为存货的数据资源 □适用 √不适用 (3). 存货跌价准备及合同履约成本减值准备 √适用 □不适用 单位：元 币种：人民币 项目 期初余额 本期增加金额 本期减少金额 期末余额 计提 其 他"
S075,风险控制,0,2,1,medium,,1,-1,完善财务/审计/风险控制体系，治理方向陈述,治理与降本结果明确，但数据场景不够直接。,术成果共享，加强知识产权的保护工作，争取中国驰名 商标申报成功。完善合理的员工薪酬体系、高效的定岗定编方案，加强对员工的 再教育再培训工作。以内控建设为中心，严格规划和完善财务体系、审计体系及 风险控制体系，降低一切可以降低的成本，大力改善企业经营性现金流。进一步 加强企业文化建设，提升企业和产品品牌的知名度、影响力。 资金需求及使用计划： 2012 年，公司节能幕墙及光电幕墙扩产项目和地
S076,数据资源,1,2,0,high,,-1,-2,"""其中：数据资源""无形资产列示条目",数据资源会计列示，偏资产化披露。,",631,496.00 生产性生物资产 油气资产 使用权资产 1,285,187.49 651,186.22 无形资产 16,412,792.42 16,805,889.26 其中：数据资源 开发支出 其中：数据资源 商誉 长期待摊费用 4,826,695.90 1,495,649.88 递延所得税资产 18,634,037.10 16,729,154.51 其他非流"
S078,数据分析,1,3,3,medium,Y,2,0,国产平台构建融合人工智能的数据预处理+算法优化+智能决策的数据分析框架,,"未来的数据分析需 求。 7、模板适应性：系统 该研究服务于公司“人 工智能+数据智能”的 创新战略,基于国产平 台的构建融合人工智 能的数据预处理、算 法优化、智能决策的 国产化数据分析框 架，促进数据驱动的 决策过程,赋能公司数 据服务能力提升，提 升公司在数据服务领 域的核心竞争力。 宏景科技股份有限公司2024 年年度报告全文 42 能够适应至少100 种 不"
S079,数据库,0,2,2,medium,Y,2,0,建立客户数据库并引入掌务通系统支撑信息化管理与营销决策,客户数据库支撑管理决策，闭环证据不足。,紧紧围绕年初经营计划及目标，积极调整销售策略，锐意进取，攻坚克难，根据市场 变化情况以及目标客户群的需求，积极推广新产品，加强品牌宣传以及产品促销力度，加大开发新市场、 发展新客户的投入，建立客户数据库，为公司的全面信息化管理提供依据，引入掌务通系统，提升公司管 理水平、服务水平和核心竞争力，方便管理者快速决策，推进公司市场营销网络布局，强化营销体系，努 力达到巩固成熟市场、培育新市场、拓展空白
S080,数据中心,1,2,2,medium,,1,0,派驻工程师提供数据中心日常运维服务，具体服务动作,运维服务场景清楚，但更偏服务流程。,售后维 保和交付实施协同发展的服务模式，通过完善自身一体化的算力服务能力，为客户提供基础设施一站式服务。 （1）技术运维服务 技术运维服务是指由公司向阿里巴巴、腾讯、百度、美团、字节跳动等客户的数据中心派驻工程师，根据客户要求 的服务等级和服务流程提供相应算力设备的日常运维服务。 从传统数据中心运维服务向算力中心运维服务进行转换，紧跟科技发展趋势，提升该服务的业务覆盖度。 （2）售后维保服务
S081,风险控制,1,3,2,medium,,1,-1,建立内部管理信息平台整合业务流程实现投资/业务/分析/内管信息化,,"危险违规行为作出风险警示与汇报的部门，时 时监督内部控制运行,推动内部控制的有效开展。 （3）公司积极实施客观的项目投资后评价工作；建立健全对基金的内控、审计与评价体系； 不断加大对前台在风险控制等方面的支持力度。 4、通过信息化手段积极整合资源 公司建立了内部管理信息平台，通过整合公司目前的业务流程，实现对投资管理、业务支持、 综合分析、内部管理的信息化，从而达到公司内部信"
S082,数据交易,1,3,2,medium,,1,-1,筹建福建省大数据交易中心、整合大数据资源并签医疗保障信息化建设合作协议,,目前已 拥有多个著作权及专利。在大数据资源方面，公司早前成功发起成立“厦门市大数据产业协会”，当选首届协会会长；与厦大、 中山医院成立健康医疗大数据协创中心；作为发起单位、第二大股东筹建“福建省大数据交易中心”，积极打造公司大数据业 务发展平台，整合大数据资源，不断丰富大数据产业基础储备；早在2016年12月公司就与福建省医疗保障管理委员会办公室 签署了《福建省医疗保障信息化建设合作协议》，根据协
S083,数据中心,1,0,0,high,,-1,0,数据中心业务分部营收披露,,分部。这些 报告分部是以公司日常内部管理要求的财务信息为基础确定的。本公司的管理层定期评价这些报告分部的经营成果，以决定 向其分配资源及评价其业绩。 数据中心业务分部主要包含IDC收入、数据中心产品销售及数据中心集成业务；智慧电能产品业务分部主要包含工业交通 电源产品、电力自动化系统和智慧能源管理系统、配电产品集成及服务的销售；新能源业务分部包括新能源产品、新能源集 成业务、光伏发电等业
S085,数据资源,1,2,0,high,,-1,-2,执行《企业数据资源相关会计处理暂行规定》会计政策,执行数据资源会计规定，属资产认定口径。,本公司自2024 年1 月1 日 起执行该规定，执行该规定未对本公司财务状况和经营成果产生重大影响。 （2）执行《企业数据资源相关会计处理暂行规定》 财政部于2023 年8 月1 日发布了《企业数据资源相关会计处理暂行规定》（财会〔2023〕11 号）， 适用于符合企业会计准则相关规定确认为无形资产或存货等资产的数据资源，以及企业合法拥有或控 制的、预期会给企业带来经济利益的、但不满足资产确认条
S086,运营数据,1,2,2,medium,,1,0,以2021年运营数据基数为1计算APP各运营绩效指标同比变动，数据用于绩效分析,运营数据用于绩效统计，应用场景较明确。,利 APP（不包含小程序等）运营绩效指标同比变动比例示意如下： 注：数据来源于公司系统统计，以 2021 年各运营数据基数为 1 相应计算各运营绩效指标同 比变动图。该数据为“返利”APP 导购运营数据，不包含小程序等，本节数据口径区别于重组 报告书，请注意有关区别。 （二）广告推广业务经营情况分析 整合营销及广告业务，是公司以向品牌方提供“实时业务、高效触达、中台一体、智慧 运营
S087,数据安全,1,2,1,medium,,0,-1,主要业务含数据安全业务板块，仅业务范围陈述,数据安全与服务场景明确，但缺少闭环结果。,图像分析、警务云平台存储等 技术的国标、行标制定；公司旗下汇聚创联电子、国迈科技、讯美科技等优秀企业，业务遍布全国31个省市。 报告期内公司主要业务包括平安城市与智能交通、通信安全、铁路行车安全、数据安全和金融安全等。 平安城市与智能交通业务：开展智慧城市相关项目，致力于为客户提供咨询、设计、工程、维护一站式服务。依靠自 主研发和整合打造了涉及感知、采集、网络、平台、应用全系列的安防产品及解决方案
S088,数据中心,1,0,0,high,,-1,0,"""东数西算""政策与数据中心规模统计宏观背景",,局、中央网信办、工信部、国家能源局联合印发《深入实施 “东数西算”工程加快构建全国一体化算力网的实施意见》，指出到 2025 年底，普惠易用、绿色安全的综 合算力基础设施体系初步成型，并强调要推进数据中心用能设备节能降碳改造，推广液冷等先进散热技 术。 截至 2023 年上半年，全国在用的数据中心总规模超过 760 万标准机架，算力总规模达到了 197EFLOPS，已经位居全球第二。新增的算力设
S089,算法,1,2,2,medium,,1,0,授权数据为人工智能算法训练与AI大模型训练提供数据基础,为AI训练提供授权数据，偏资源供给口径。,、招投标等结构化和非结 构化数据，以及交易所、信息公司、政府部门、科研机构、高等院校、宏观经济研究机构和专业行业数 据公司等机构提供的授权数据。这些数据不仅满足了客户多样化的需求，还为公司人工智能算法训练、 AI 大模型训练提供了数据基础。 6、品牌优势 作为中国最早从事互联网金融信息服务的企业之一，公司通过多年的技术、经验和客户资源积累， 较为准确地把握了市场发展趋势和客户需求，开发出了
S090,数据中心,1,2,1,medium,,0,-1,多个数据中心项目建设清单，偏项目交付,多项目建设清楚，但更像项目清单。,设的发展理念， 在疫情冲击下坚守数字基础建设阵地，落地多个数字基础建设项目，分别是东南健康医疗大数据中心、民政部大数据中心、 云岩区教育局数据中心、中国人民解放军第305医院数据中心、五凌电力本部数据中心、中信财务公司数据中心、鲁西南大 数据中心一期、武昌区大数据中心、中国大唐集团数据中心建设、福建供销集团智慧数据中心、旭阳集团数据中心建设、内 蒙古自治区一体化大数据中心建设、内蒙古霍煤鸿骏铝电有
S091,风险控制,3,0,0,high,Y,-3,0,金融工具风险管理标准披露,,借款、长期应付款。 各项金融工具的详细情况已于相关附注内披露。与这些金融工具有关的风险，以及本集团为降低这些风险所采取的风险管理 政策如下所述。本集团管理层对这些风险敞口进行管理和监控以确保将上述风险控制在限定的范围之内。 1、风险管理目标和政策 本公司从事风险管理的目标是在风险和收益之间取得适当的平衡，力求降低金融风险对本集团财务业绩的不利影响。基于该 风险管理目标，本集团已制定风险管理政
S093,数据资源,2,2,0,high,Y,-2,-2,"""数据资源""财务附注条目披露",数据资源列示在报表，偏披露而非使用。,折现租赁收款额 □适用√不适用 (3) 作为生产商或经销商确认融资租赁销售损益 □适用√不适用 青岛鼎信通讯股份有限公司2024 年年度报告 188 / 216 其他说明： 无 83、数据资源 □适用√不适用 84、其他 □适用√不适用 八、研发支出 1、按费用性质列示 √适用□不适用 单位：元 币种：人民币 项目 本期发生额 上期发生额 工资、薪金及福利 389
S094,数据采集,2,2,0,high,Y,-2,-2,DCS释义中提到数据采集，偏术语定义,上下文是释义，系统功能虽明但偏定义口径。,，保证生产经营活动得以顺利进行的相关活动。 DCS 指 集散控制系统，一个为满足大型工业生产的要求，从综合自动化的角 度，按功能分散、协调集中的原则设计，具有高可靠性，用于生产管 理、数据采集和各种过程控制的计算机控制系统。该系统有助于提升 工作效率，保障稳定生产。 农药原药 指 农药活性成分，一般不能直接使用，必须经过加工配制成各种类型制 剂的农药 农药制剂 指
S095,数据资源,3,2,0,high,Y,-3,-2,"""其中：数据资源""报表列示条目",数据资源是报表项目，未见运营应用。,"电连技术股份有限公司2024 年年度报告全文 104 其中：应收利息 应收股利 18,631,176.11 存货 595,222,718.00 459,821,748.07 其中：数据资源 合同资产 0.00 0.00 持有待售资产 0.00 0.00 一年内到期的非流动资产 0.00 0.00 其他流动资产 57,431,361.14 3,860,697.58"
S097,数据中心,2,0,0,high,Y,-2,0,绿色节能数据中心建设政策方向,,快速 增长的黄金期。在国家倡导信息技术自主可控的大背景下，新型基础设施关键设备的国产 化进口替代将成为行业发展的总体趋势。同时，在国家大力推行碳达峰、碳中和的大形势 下，绿色节能的高能效标准成为数据中心建设的政策鼓励方向，具有低能耗热管理核心技 术的企业将在行业竞争中脱颖而出。 2、新型城镇化建设业务经营模式和行业情况概述 公司的新型城镇化建设业务主要包括基础设施建设、房地产开发、特色产业
S099,风险控制,2,0,0,high,Y,-2,0,金融工具风险管理标准披露,,平，使股东及其他权益投资者的利益最大化。基于该风险管理目标，本 公司风险管理的基本策略是确定和分析本公司所面临的各种风险，建立适当的风险承受底线和进 行风险管理，并及时可靠地对各种风险进行监督，将风险控制在限定的范围之内。 1、市场风险 （1）利率波动风险 公司所属的电力行业是资本密集型行业，电源项目建设具有投资规模大、投资回收期长的特 点。公司近年来新建项目较多，项目资本金以外部分投资
S100,风险控制,2,2,1,medium,,-1,-1,采用敏感性分析技术分析风险变量，方法披露偏标准,敏感性分析属于风险管理应用，非业务闭环。,露。与这些金融工具有关的风险，以及本公司为降低 2021 年年度报告 168 / 186 这些风险所采取的风险管理政策如下所述。本公司管理层对这些风险敞口进行管理和监控以确保 将上述风险控制在限定的范围之内。 本公司采用敏感性分析技术分析风险变量的合理、可能变化对当期损益或股东权益可能产生 的影响。由于任何风险变量很少孤立地发生变化，而变量之间存在的相关性对某一风险变量的变 化的
S101,数据中心,2,2,0,high,Y,-2,-2,数据中心综合服务营收分产品披露,偏数据中心业务绩效披露，不是使用动作。,"32.78% -6.31% 分产品 金融科技综合服务 760,643,658.56 47.36% 886,179,296.23 50.40% -14.17% 数据中心综合服务 793,336,353.70 49.40% 842,219,490.61 47.90% -5.80% 其他业务 52,114,985.15 3.24% 3"
S103,算法,2,1,2,medium,,0,1,基础算法研究新增ASR语音识别、语音无监督数据自动清洗、3D点云地面自适应检测等模型,,致 校对技术 √ （1）基础研究层面，报告期内，公司持续在智能语音、计算机视觉、自然语言、以及包括智 能驾驶、大模型为代表的垂直领域进行技术拓展，并有多项核心技术取得显著进展。例如，在基 础算法研究方面，新增数十个基础模型，包括巴什基尔语、卡纳达语、林加拉语等多个ASR 语音 识别模型、语音无监督数据自动清洗模型、2D-3D 融合连续帧交通目标检测模型、3D 点云地面自 适应检测模型、4
S104,数据产品,2,3,2,medium,,0,-1,通过数据产品与技术工具提升红人商业化效率并赋能商业服务,,性循环，有能力为各行各业商家客户提供服务。公司也将继续挖掘数据及模型的深 度价值，为客户和内容创作者提供更丰富、更高效的服务。 （二）红人生态结构健康、中腰部红人价值显现 公司持续通过数据产品、技术工具提升红人商业化效率，并以创新的商业服务赋能提升其商 务能力，辅助红人更好的兑现商业化价值，平台价值日益凸显。截至报告期，平台注册红人账户 数累积达到 237.2 万，其中专职或兼职从事红
S105,数据资源,2,2,0,high,Y,-2,-2,"""其中：数据资源""存货列示条目",数据资源系财务列示，偏资产披露。,"收款 七、4 1,385,044.26 1,692,987.65 其中：应收利息 应收股利 买入返售金融资产 存货 七、5 120,262.78 346,563.94 其中：数据资源 合同资产 持有待售资产 一年内到期的非流动资产 其他流动资产 七、6 961,982.46 298,666.69 流动资产合计 243,581,916.98 220,212,09"
S106,数据服务,2,1,0,high,Y,-2,-1,数据要素市场高速发展+《数据二十条》政策引用,,内容策划、数据分析、流量 投放乃至对品牌文化有着专业理解的服务商，将获得更深入的发展空间。 表：2019-2026 年直播电商交易规模及增速 数据来源：艾瑞咨询 4、数据要素市场高速发展，消费数据服务需求广泛 数据作为数字经济发展的关键生产要素，近年来受到国家和企业的高度重视。2022 年 11 月，国务院印发《关于构 建数据基础制度更好发挥数据要素作用的意见》（简称《数据二十条》），要求在数
S107,数据中心,3,2,1,medium,Y,-2,-1,水声装备产品线含数据中心等，偏业务介绍,产品线含数据中心和大数据，偏业务介绍。,务 公司长期专注于国家特种电子信息行业声纳装备领域相关产品的研发、生产和销售，围绕该行业战略发展方向，紧 贴最终用户需求，为客户提供信号处理平台、声纳系统、水声大数据、仿真训练系统、无人探测系统、数据中心等产品， 主要作用为水声目标探测与识别、水声通信与数据传输、水声导航与测绘等，最终用户主要为国家特种部门。 随着大数据、人工智能技术的发展，水声装备智能化的需求愈发迫切。公司不断跟踪新技术发展，将
S108,数据集,2,2,1,medium,,-1,-1,汽车智能制造中工业数据建模、数据集成、边缘处理等趋势描述,有数据建模/集成/边缘处理，但仍偏趋势描述。,装备的发展深度和广度日益提升，以新型传 感器、智能控制系统、工业机器人、自动化成套生产线为代表的智能制造装备产业体系初步形成。汽车相 关产业是智能制造的主战场，精密加工与组装、工业数据建模与分析、数据集成与边缘处理、数字孪生等 先进制造技术将改变汽车相关产业的生产方式。公司将利用产业转型升级的契机，布局更具价值竞争力的 智能制造领域，以技术创新引领产业升级，提升公司的国际竞争力。 （三）经营计
S109,数据中心,2,3,3,medium,,1,0,数据治理平台BDG帮客户建企业级数据中心+数据集成整合+统一管控+支撑大数据分析,,聚了各类资源、工具、数据以及数据工程师。除竞赛社区外，公司产品还包 括图灵培训、图灵众包，图灵实验室和图灵云等。 （5）数据工具及数据应用产品线 （a）数据治理平台BDG：帮助客户建立企业级数据中心，自上而下开展大数据治理，利用数据治理 平台提供的基础能力，将企业数据集成整合，实现数据的统一管控和精细化管理，保障数据资产质量。支 持海量数据应用，推动企业大数据分析，挖掘数据潜在价值，为企业战
S110,机器学习,2,0,0,high,Y,-2,0,"""算法""""深度学习""释义",,为线性阵列相机，使用由单行光电探测器组成的传感 器的摄像机 算法 指 按照要求设计好的有限的确切的计算序列，并且这样的步 骤和序列可以解决一类问题 深度学习 指 人工智能及机器学习的一个子集，仿真生物神经系统（例如 人类大脑）工作，使用多层神经网络最先进精确执行任务， 例如物体探测及识别、语音识别及自然语义处理 鲁棒性 指 Robustness，统计学中的专业术
S111,数据安全,2,3,2,medium,,0,-1,行业大模型训推一体机集成高性能设备/行业模型/场景模型/开发工具并确保数据安全，专为政务/司法/城市治理设计,,审和管理功能，可以大大提高申报、评审效率和质量， 为人工智能技术的发展和应用提供有力支持。 人工智能硬件研发方面，公司推出行业大模型训推一体机，作为国产信创产品，行业大模型 训推一体机致力于确保数据安全和应用稳定，集成了高性能计算设备、行业模型、场景模型和模 型开发工具，优化了训练速度和精度，并具备可扩展性，是一款专为政务、司法、城市治理、高 校等领域设计的专业一体机，同时公司还提供全方位的大模
S112,算法,2,3,2,medium,,0,-1,核心算法团队开发选品算法结合市场销售数据筛选潜力产品，支撑决策,,核心动力。截至2024 年12 月31 日，公司技术人员共计 281 人，占公司总人数8.08%。技术团队依托专业知识和丰富经验，开发和研究核心算法，为管理层决 策提供大数据和算法支持。例如在选品算法上，结合市场销售数据，精准筛选潜力产品，开拓业务增长 点，持续推动公司在商业模式和技术应用上的创新。 华凯易佰科技股份有限公司2024 年年度报告全文 20 公司掌握的具体核心技术情况如下：
S113,数据中心,2,3,2,medium,,0,-1,产品应用于内蒙古/河北/长三角/宁夏数据中心集群并作为金融机构总部级数据中心核心方案,,极反馈和认可。公司产品广泛应 用于内蒙古枢纽和林格尔数据中心集群、河北省张家口集群、长三角生态绿色一体化发展示范区集群、宁夏中卫集群等 科华数据股份有限公司2024 年年度报告全文 14 多个数据中心集群，助力“东数西算”工程算力基座建设与运营。在金融领域，公司“极智金融”解决方案已被众多金 融机构采纳为总部级数据中心核心技术方案，高可靠高安全的国产大功率UPS 以及智能微模块解决方案，在多个金
S114,数字营销,2,3,2,medium,,0,-1,优化数字营销平台+智能算法实现营销策略精准化与差异化投放,,期内，公司推进“圆准达”等差异化产品在全链路的优先操作，改善全程跟单、派前电联、极速理赔等服务体验， 稳步完善“普遍服务- 圆准达- 高端时效产品”产品体系，打造差异化产品及服务竞争优势；进一步优化数字营销平台， 分析评估市场需求与潜力，推动分类客户的商机开发及服务保障，逐步改善客户结构；公司亦加强与电商平台对接， 推动逆向物流等业务发展，并依托智能算法，实现营销策略精准化、差异化投放，强化散单业务
S115,数据中台,2,3,2,medium,,0,-1,数据中台对分散/异构数据进行治理、整合、加工支撑业务决策与智能分析，偏能力陈述,,价值。数据中台通过统一的数据 管理体系，对分散、异构的数据 资源进行治理、整合和加工，从 而提升数据的质量和可用性，并 为企业的业务决策、智能分析和 创新应用提供强有力的支撑。此 外，数据中台作为数据服务的核 心枢纽，不仅能够提高数据的流 通效率，还能以标准化、服务化 的方式对外提供数据能力，满足 不同业务场景的需求。特别是在 大模型时代，数据的规模、质量 和管理能力成为人工智
S116,数据中心,2,3,3,high,,1,0,工业互联网平台感知层采集工况数据+云端数据中心+设备健康值模型+检修维护策略闭环,,成为工业经济转型升级的重要途径。 公司在上述领域，基于自主技术研发的工业互联网平台，在感知层能够运用智能传感器采集设备的各类 工况数据信息，通过智能网关在传输层应用多种通讯协议传送至工业互联网云端数据中心，利用工业互联网 数据中心的采集、组织、分析能力，基于已建立的完善的设备健康值模型，以数据为基础，从现象出发，为 客户提供不同的设备检修与维护策略。平台通过边缘层、基础设施层（IaaS）对工业数据
S117,运营数据,2,0,0,high,Y,-2,0,"""月度运营数据公告""公告标题",,告 2014-8-13 上海证交所网站 146 2014 年 7 月份主要运营数据公告 2014-8-18 香港联交所网站 147 中国神华 2014 年 7 月份主要运营数据公告 2014-8-19 上海证交所网站 148 海外监管公告 2014-8-20 香港联交所网站 149 中国神华关于山东国华寿光电厂“上大压小”新建工程项目获 得
S118,数据库,2,2,0,high,Y,-2,-2,图数据库行业关注度增长宏观背景,概念性描述图数据库应用场景，落地细节少。,于黑 盒子的可信计算环境方式，但仍需证明第三方的可靠性。 随着大数据的发展，企业和公共机构越来越需要将不同的数据进行有效链接，从而形成新的动态知识，以辅助企业和公 共机构的决策。这就需要运用图数据库、图计算引擎和知识图谱，其中知识图谱是图数据库和图计算引擎的重要应用场景。 根据DB-Engines排名分析，图数据库关注热度在2013年到2020年间增长了10倍，关注度增长排名第一，远远高于其它
S119,数据安全,2,0,0,high,Y,-2,0,云计算/大数据发展规划与数据安全保障宏观目标,,大数据相关产品和服务业务收入突破1万亿元，年 均复合增长率保持30%左右。在此基础之上，明确了2020年的细化发展目标，即技术产品先进可控、应用能力显著增强、生 态体系繁荣发展、支撑能力不断增强、数据安全保障有力。作为大数据产业的基础设施，数据中心的市场需求和未来发展得 到政策支持与保障。 根据2017年4月10日工信部印发《云计算发展三年行动计划(2017-2019年)》提出明确的发展目标：2
S120,数据资源,3,2,0,high,Y,-3,-2,"""其中：数据资源""无形资产/开发支出列示",数据资源列示在报表，偏资产披露。,"32,137.15 无形资产 七、26 97,041,278.01 34,542,925.48 其中：数据资源 开发支出 66,372,173.90 2,795,633.61 其中：数据资源 商誉 七、27 474,991.57 长期待摊费用 七、28 57,360.19 518,344.99 递延所得税资产 七、29 33,139,436.33 33,101,21"
