bootstrap_id,feature,label,rank,mean_abs_shap
1,kw_data_stock_p10k,数据存量,1,0.006425053608464611
1,kw_data_dev_p10k,数据开发能力,2,0.005850506179279385
1,kw_data_app_p10k,数据驱动应用,3,0.005423895421663799
1,kw_data_value_p10k,数据价值变现,5,0.0015654133563464403
1,kw_data_gov_p10k,数据治理,4,0.00247270832623372
2,kw_data_stock_p10k,数据存量,3,0.004703229988548108
2,kw_data_dev_p10k,数据开发能力,1,0.006599722904036462
2,kw_data_app_p10k,数据驱动应用,2,0.005225714515313239
2,kw_data_value_p10k,数据价值变现,5,0.0013116320754385502
2,kw_data_gov_p10k,数据治理,4,0.002348942204621185
3,kw_data_stock_p10k,数据存量,1,0.006171745173243387
3,kw_data_dev_p10k,数据开发能力,2,0.005446560298473333
3,kw_data_app_p10k,数据驱动应用,3,0.004789975639133171
3,kw_data_value_p10k,数据价值变现,5,0.0022174220411356927
3,kw_data_gov_p10k,数据治理,4,0.0025132098756121646
4,kw_data_stock_p10k,数据存量,3,0.0046427823203478965
4,kw_data_dev_p10k,数据开发能力,1,0.006066966227059653
4,kw_data_app_p10k,数据驱动应用,2,0.0055775127802033045
4,kw_data_value_p10k,数据价值变现,5,0.0013474462309101354
4,kw_data_gov_p10k,数据治理,4,0.0025564568842286416
5,kw_data_stock_p10k,数据存量,2,0.005758708658367873
5,kw_data_dev_p10k,数据开发能力,1,0.006423411346283707
5,kw_data_app_p10k,数据驱动应用,3,0.005209818609391152
5,kw_data_value_p10k,数据价值变现,5,0.001740306795965795
5,kw_data_gov_p10k,数据治理,4,0.003196109329260436
6,kw_data_stock_p10k,数据存量,2,0.0057599052187882645
6,kw_data_dev_p10k,数据开发能力,3,0.005726026752359145
6,kw_data_app_p10k,数据驱动应用,1,0.005929671428996139
6,kw_data_value_p10k,数据价值变现,5,0.002272917323556568
6,kw_data_gov_p10k,数据治理,4,0.0025186009716469263
7,kw_data_stock_p10k,数据存量,2,0.004939090198148857
7,kw_data_dev_p10k,数据开发能力,1,0.006097796456268454
7,kw_data_app_p10k,数据驱动应用,3,0.004603169749205635
7,kw_data_value_p10k,数据价值变现,5,0.0016652134467120582
7,kw_data_gov_p10k,数据治理,4,0.0028384916341551753
8,kw_data_stock_p10k,数据存量,3,0.00533333415545903
8,kw_data_dev_p10k,数据开发能力,1,0.0059499083606063975
8,kw_data_app_p10k,数据驱动应用,2,0.005656056052669452
8,kw_data_value_p10k,数据价值变现,5,0.0015145432375567416
8,kw_data_gov_p10k,数据治理,4,0.00311489911189157
9,kw_data_stock_p10k,数据存量,1,0.006604382768990619
9,kw_data_dev_p10k,数据开发能力,3,0.005072214270413253
9,kw_data_app_p10k,数据驱动应用,2,0.0059517183811953825
9,kw_data_value_p10k,数据价值变现,4,0.002610348802662427
9,kw_data_gov_p10k,数据治理,5,0.0022557255339965615
10,kw_data_stock_p10k,数据存量,3,0.005286766996122223
10,kw_data_dev_p10k,数据开发能力,2,0.00538945504180597
10,kw_data_app_p10k,数据驱动应用,1,0.006332042627791368
10,kw_data_value_p10k,数据价值变现,5,0.0013596826665582535
10,kw_data_gov_p10k,数据治理,4,0.0035329063041223165
11,kw_data_stock_p10k,数据存量,3,0.005030539401207949
11,kw_data_dev_p10k,数据开发能力,2,0.005803624249854285
11,kw_data_app_p10k,数据驱动应用,1,0.006017519204991319
11,kw_data_value_p10k,数据价值变现,5,0.0014434785984675925
11,kw_data_gov_p10k,数据治理,4,0.00247684054867317
12,kw_data_stock_p10k,数据存量,1,0.006317322959483613
12,kw_data_dev_p10k,数据开发能力,2,0.005928294357637933
12,kw_data_app_p10k,数据驱动应用,3,0.005703300995206145
12,kw_data_value_p10k,数据价值变现,5,0.0018668313534488522
12,kw_data_gov_p10k,数据治理,4,0.0020661852204029883
13,kw_data_stock_p10k,数据存量,3,0.005210804726990779
13,kw_data_dev_p10k,数据开发能力,1,0.006206269507337949
13,kw_data_app_p10k,数据驱动应用,2,0.005539918808104667
13,kw_data_value_p10k,数据价值变现,5,0.0019462472303022665
13,kw_data_gov_p10k,数据治理,4,0.002449552374236548
14,kw_data_stock_p10k,数据存量,3,0.005299152712982712
14,kw_data_dev_p10k,数据开发能力,1,0.006514253322353234
14,kw_data_app_p10k,数据驱动应用,2,0.005942680858368259
14,kw_data_value_p10k,数据价值变现,5,0.001675122475181299
14,kw_data_gov_p10k,数据治理,4,0.002815505297956
15,kw_data_stock_p10k,数据存量,3,0.005246364571509907
15,kw_data_dev_p10k,数据开发能力,1,0.0067300334233440385
15,kw_data_app_p10k,数据驱动应用,2,0.005640914440833781
15,kw_data_value_p10k,数据价值变现,5,0.002061879558688348
15,kw_data_gov_p10k,数据治理,4,0.0023488230900322246
16,kw_data_stock_p10k,数据存量,1,0.005996296591929359
16,kw_data_dev_p10k,数据开发能力,2,0.005877074952800437
16,kw_data_app_p10k,数据驱动应用,3,0.005151781619222812
16,kw_data_value_p10k,数据价值变现,5,0.0018324742825812296
16,kw_data_gov_p10k,数据治理,4,0.002845205847822951
17,kw_data_stock_p10k,数据存量,3,0.00465809348040004
17,kw_data_dev_p10k,数据开发能力,1,0.005824928902061447
17,kw_data_app_p10k,数据驱动应用,2,0.005808352128324866
17,kw_data_value_p10k,数据价值变现,5,0.001745768368816027
17,kw_data_gov_p10k,数据治理,4,0.0019128163810529938
18,kw_data_stock_p10k,数据存量,3,0.005539300857512623
18,kw_data_dev_p10k,数据开发能力,1,0.006426839935070255
18,kw_data_app_p10k,数据驱动应用,2,0.005679485176440758
18,kw_data_value_p10k,数据价值变现,5,0.002019898137175169
18,kw_data_gov_p10k,数据治理,4,0.002128293599543427
19,kw_data_stock_p10k,数据存量,3,0.004485151229848185
19,kw_data_dev_p10k,数据开发能力,1,0.006080454905219919
19,kw_data_app_p10k,数据驱动应用,2,0.00569079926399626
19,kw_data_value_p10k,数据价值变现,5,0.001726471381437496
19,kw_data_gov_p10k,数据治理,4,0.00241276076752319
20,kw_data_stock_p10k,数据存量,2,0.005718185627487381
20,kw_data_dev_p10k,数据开发能力,3,0.005702062647871104
20,kw_data_app_p10k,数据驱动应用,1,0.006827080298573981
20,kw_data_value_p10k,数据价值变现,5,0.0014312059712490268
20,kw_data_gov_p10k,数据治理,4,0.0032999467122968485
21,kw_data_stock_p10k,数据存量,2,0.0055892309402480024
21,kw_data_dev_p10k,数据开发能力,1,0.006124326055135012
21,kw_data_app_p10k,数据驱动应用,3,0.00529663272631798
21,kw_data_value_p10k,数据价值变现,5,0.001746605383231696
21,kw_data_gov_p10k,数据治理,4,0.00264292426214492
22,kw_data_stock_p10k,数据存量,3,0.006079938255171735
22,kw_data_dev_p10k,数据开发能力,1,0.006747220672378553
22,kw_data_app_p10k,数据驱动应用,2,0.006345981968955692
22,kw_data_value_p10k,数据价值变现,5,0.0008975848657298348
22,kw_data_gov_p10k,数据治理,4,0.0026577894608208227
23,kw_data_stock_p10k,数据存量,3,0.005475083147540004
23,kw_data_dev_p10k,数据开发能力,1,0.006774399684368515
23,kw_data_app_p10k,数据驱动应用,2,0.0060982451261100395
23,kw_data_value_p10k,数据价值变现,5,0.0025205806486982042
23,kw_data_gov_p10k,数据治理,4,0.0026010781301625914
24,kw_data_stock_p10k,数据存量,3,0.005467719043934121
24,kw_data_dev_p10k,数据开发能力,2,0.006156395831494883
24,kw_data_app_p10k,数据驱动应用,1,0.0062663899548339825
24,kw_data_value_p10k,数据价值变现,5,0.0013908977801279192
24,kw_data_gov_p10k,数据治理,4,0.002883324692644686
25,kw_data_stock_p10k,数据存量,3,0.00501726469285403
25,kw_data_dev_p10k,数据开发能力,2,0.005309720940303085
25,kw_data_app_p10k,数据驱动应用,1,0.00551919104166027
25,kw_data_value_p10k,数据价值变现,5,0.0015217168193182853
25,kw_data_gov_p10k,数据治理,4,0.0022701654071441576
26,kw_data_stock_p10k,数据存量,2,0.005681910641227705
26,kw_data_dev_p10k,数据开发能力,1,0.006069137413488759
26,kw_data_app_p10k,数据驱动应用,3,0.00487410570413957
26,kw_data_value_p10k,数据价值变现,5,0.0016733840520148791
26,kw_data_gov_p10k,数据治理,4,0.002508255560001604
27,kw_data_stock_p10k,数据存量,2,0.005691517600876681
27,kw_data_dev_p10k,数据开发能力,1,0.00651060416684792
27,kw_data_app_p10k,数据驱动应用,3,0.005688908112227475
27,kw_data_value_p10k,数据价值变现,4,0.002270623311458415
27,kw_data_gov_p10k,数据治理,5,0.002207946394125267
28,kw_data_stock_p10k,数据存量,3,0.004708311749986407
28,kw_data_dev_p10k,数据开发能力,1,0.006368229409120615
28,kw_data_app_p10k,数据驱动应用,2,0.005560109634259701
28,kw_data_value_p10k,数据价值变现,5,0.0015253171726852496
28,kw_data_gov_p10k,数据治理,4,0.002356193214495822
29,kw_data_stock_p10k,数据存量,3,0.005019115931511117
29,kw_data_dev_p10k,数据开发能力,1,0.0066318562160537185
29,kw_data_app_p10k,数据驱动应用,2,0.005879602497595717
29,kw_data_value_p10k,数据价值变现,5,0.001560202114023993
29,kw_data_gov_p10k,数据治理,4,0.0026827568430862125
30,kw_data_stock_p10k,数据存量,3,0.004724538438214262
30,kw_data_dev_p10k,数据开发能力,1,0.006511997831246549
30,kw_data_app_p10k,数据驱动应用,2,0.005946625352485343
30,kw_data_value_p10k,数据价值变现,5,0.0016926337270613508
30,kw_data_gov_p10k,数据治理,4,0.003433162569270509
31,kw_data_stock_p10k,数据存量,3,0.005467203196170184
31,kw_data_dev_p10k,数据开发能力,1,0.006519694244722686
31,kw_data_app_p10k,数据驱动应用,2,0.0056044413181146726
31,kw_data_value_p10k,数据价值变现,5,0.0015782688288320146
31,kw_data_gov_p10k,数据治理,4,0.00292545739283891
32,kw_data_stock_p10k,数据存量,2,0.005815095466688503
32,kw_data_dev_p10k,数据开发能力,1,0.006398658642872848
32,kw_data_app_p10k,数据驱动应用,3,0.0055701030328567935
32,kw_data_value_p10k,数据价值变现,5,0.0019343959264553636
32,kw_data_gov_p10k,数据治理,4,0.0027293737136250633
33,kw_data_stock_p10k,数据存量,3,0.005420199745767309
33,kw_data_dev_p10k,数据开发能力,2,0.005837939388907627
33,kw_data_app_p10k,数据驱动应用,1,0.00633235358855735
33,kw_data_value_p10k,数据价值变现,5,0.0019551172736048538
33,kw_data_gov_p10k,数据治理,4,0.0026915385067488194
34,kw_data_stock_p10k,数据存量,3,0.005360236241583988
34,kw_data_dev_p10k,数据开发能力,1,0.005909249670867512
34,kw_data_app_p10k,数据驱动应用,2,0.005697691619838476
34,kw_data_value_p10k,数据价值变现,5,0.0016524266326149331
34,kw_data_gov_p10k,数据治理,4,0.002286614283998516
35,kw_data_stock_p10k,数据存量,3,0.004741577456309763
35,kw_data_dev_p10k,数据开发能力,1,0.007605687588621722
35,kw_data_app_p10k,数据驱动应用,2,0.005742898684789642
35,kw_data_value_p10k,数据价值变现,5,0.0010705802881744591
35,kw_data_gov_p10k,数据治理,4,0.0019203480259436733
36,kw_data_stock_p10k,数据存量,3,0.004712379951401228
36,kw_data_dev_p10k,数据开发能力,1,0.006184875229996909
36,kw_data_app_p10k,数据驱动应用,2,0.006173068723152062
36,kw_data_value_p10k,数据价值变现,5,0.0014402429669675588
36,kw_data_gov_p10k,数据治理,4,0.002865451553784989
37,kw_data_stock_p10k,数据存量,3,0.005366862634576824
37,kw_data_dev_p10k,数据开发能力,1,0.005852623827389829
37,kw_data_app_p10k,数据驱动应用,2,0.005396440085919688
37,kw_data_value_p10k,数据价值变现,4,0.002067813532378518
37,kw_data_gov_p10k,数据治理,5,0.0020536972252830927
38,kw_data_stock_p10k,数据存量,3,0.005531931739648131
38,kw_data_dev_p10k,数据开发能力,1,0.005888590805161202
38,kw_data_app_p10k,数据驱动应用,2,0.005739865422210276
38,kw_data_value_p10k,数据价值变现,5,0.0016625153537049421
38,kw_data_gov_p10k,数据治理,4,0.0025100710770982367
39,kw_data_stock_p10k,数据存量,3,0.004959770093807103
39,kw_data_dev_p10k,数据开发能力,1,0.005165413378649289
39,kw_data_app_p10k,数据驱动应用,2,0.005131400218741431
39,kw_data_value_p10k,数据价值变现,5,0.001773712327869366
39,kw_data_gov_p10k,数据治理,4,0.0024497083846104005
40,kw_data_stock_p10k,数据存量,1,0.0061598358204628155
40,kw_data_dev_p10k,数据开发能力,2,0.006112006676910304
40,kw_data_app_p10k,数据驱动应用,3,0.005628892914151502
40,kw_data_value_p10k,数据价值变现,5,0.002067157350462826
40,kw_data_gov_p10k,数据治理,4,0.0025116575609962413
41,kw_data_stock_p10k,数据存量,3,0.00601490928575307
41,kw_data_dev_p10k,数据开发能力,1,0.00630893129902561
41,kw_data_app_p10k,数据驱动应用,2,0.0061420859709233
41,kw_data_value_p10k,数据价值变现,5,0.002165997367488493
41,kw_data_gov_p10k,数据治理,4,0.0021897335460952373
42,kw_data_stock_p10k,数据存量,3,0.004592868258211111
42,kw_data_dev_p10k,数据开发能力,1,0.006511766945649232
42,kw_data_app_p10k,数据驱动应用,2,0.005191319008305922
42,kw_data_value_p10k,数据价值变现,5,0.0013894548657537023
42,kw_data_gov_p10k,数据治理,4,0.002218337824394844
43,kw_data_stock_p10k,数据存量,3,0.005284772711543194
43,kw_data_dev_p10k,数据开发能力,2,0.00556143435532024
43,kw_data_app_p10k,数据驱动应用,1,0.00659835741944759
43,kw_data_value_p10k,数据价值变现,5,0.0013286183451195128
43,kw_data_gov_p10k,数据治理,4,0.0024009017327735853
44,kw_data_stock_p10k,数据存量,2,0.0048060257022768315
44,kw_data_dev_p10k,数据开发能力,1,0.006050858183563
44,kw_data_app_p10k,数据驱动应用,3,0.004642965155065936
44,kw_data_value_p10k,数据价值变现,5,0.001871887935685403
44,kw_data_gov_p10k,数据治理,4,0.002465951372390344
45,kw_data_stock_p10k,数据存量,2,0.0057616215050666835
45,kw_data_dev_p10k,数据开发能力,1,0.0060305322029334165
45,kw_data_app_p10k,数据驱动应用,3,0.00529020594534329
45,kw_data_value_p10k,数据价值变现,5,0.001672866714106358
45,kw_data_gov_p10k,数据治理,4,0.002449272858231545
46,kw_data_stock_p10k,数据存量,3,0.005156977673445493
46,kw_data_dev_p10k,数据开发能力,1,0.00628081274511595
46,kw_data_app_p10k,数据驱动应用,2,0.0058623373344523525
46,kw_data_value_p10k,数据价值变现,5,0.00108071460846225
46,kw_data_gov_p10k,数据治理,4,0.002394478429899019
47,kw_data_stock_p10k,数据存量,2,0.005118245878511543
47,kw_data_dev_p10k,数据开发能力,1,0.005378475911208038
47,kw_data_app_p10k,数据驱动应用,3,0.0050095649690992845
47,kw_data_value_p10k,数据价值变现,5,0.0016362787072569478
47,kw_data_gov_p10k,数据治理,4,0.0024987567675674865
48,kw_data_stock_p10k,数据存量,3,0.004800258066434162
48,kw_data_dev_p10k,数据开发能力,2,0.00580964622591256
48,kw_data_app_p10k,数据驱动应用,1,0.006677027573384315
48,kw_data_value_p10k,数据价值变现,5,0.00127026084394132
48,kw_data_gov_p10k,数据治理,4,0.0025586706264417378
49,kw_data_stock_p10k,数据存量,2,0.0055860706567772735
49,kw_data_dev_p10k,数据开发能力,1,0.006025758801151327
49,kw_data_app_p10k,数据驱动应用,3,0.005506215890409648
49,kw_data_value_p10k,数据价值变现,5,0.0019827160530686183
49,kw_data_gov_p10k,数据治理,4,0.002437087300687239
50,kw_data_stock_p10k,数据存量,1,0.005882253768155191
50,kw_data_dev_p10k,数据开发能力,2,0.0058383114071145475
50,kw_data_app_p10k,数据驱动应用,3,0.005473602293453872
50,kw_data_value_p10k,数据价值变现,5,0.0018792810967428622
50,kw_data_gov_p10k,数据治理,4,0.0028119856791504623
51,kw_data_stock_p10k,数据存量,2,0.006303034956403907
51,kw_data_dev_p10k,数据开发能力,3,0.005914814831558911
51,kw_data_app_p10k,数据驱动应用,1,0.006867433531349675
51,kw_data_value_p10k,数据价值变现,5,0.0012850757645664042
51,kw_data_gov_p10k,数据治理,4,0.002841345623481451
52,kw_data_stock_p10k,数据存量,3,0.004469544944404042
52,kw_data_dev_p10k,数据开发能力,2,0.005850190708121755
52,kw_data_app_p10k,数据驱动应用,1,0.006130733773685747
52,kw_data_value_p10k,数据价值变现,5,0.0019274653361039014
52,kw_data_gov_p10k,数据治理,4,0.0027074714320758694
53,kw_data_stock_p10k,数据存量,2,0.0059432580014212805
53,kw_data_dev_p10k,数据开发能力,1,0.006053417192620317
53,kw_data_app_p10k,数据驱动应用,3,0.005055608641406389
53,kw_data_value_p10k,数据价值变现,5,0.0014769442211654811
53,kw_data_gov_p10k,数据治理,4,0.0023958613296671586
54,kw_data_stock_p10k,数据存量,2,0.00579899192132433
54,kw_data_dev_p10k,数据开发能力,1,0.00597755574761416
54,kw_data_app_p10k,数据驱动应用,3,0.005721555114172042
54,kw_data_value_p10k,数据价值变现,5,0.0015348456108738413
54,kw_data_gov_p10k,数据治理,4,0.001974243520897612
55,kw_data_stock_p10k,数据存量,3,0.0052594303783270804
55,kw_data_dev_p10k,数据开发能力,1,0.006319558146471287
55,kw_data_app_p10k,数据驱动应用,2,0.0056289674181138494
55,kw_data_value_p10k,数据价值变现,5,0.0014644129363041364
55,kw_data_gov_p10k,数据治理,4,0.002562945636841866
56,kw_data_stock_p10k,数据存量,3,0.005391402228769739
56,kw_data_dev_p10k,数据开发能力,1,0.005985960879449121
56,kw_data_app_p10k,数据驱动应用,2,0.0055146309663287735
56,kw_data_value_p10k,数据价值变现,5,0.0013648405150999468
56,kw_data_gov_p10k,数据治理,4,0.002590621254114715
57,kw_data_stock_p10k,数据存量,1,0.005259001235751752
57,kw_data_dev_p10k,数据开发能力,3,0.005204246705234488
57,kw_data_app_p10k,数据驱动应用,2,0.005238374834782319
57,kw_data_value_p10k,数据价值变现,5,0.0012195846838760098
57,kw_data_gov_p10k,数据治理,4,0.002642057971022045
58,kw_data_stock_p10k,数据存量,2,0.0054734741028514625
58,kw_data_dev_p10k,数据开发能力,1,0.006555494256968136
58,kw_data_app_p10k,数据驱动应用,3,0.005183961987500775
58,kw_data_value_p10k,数据价值变现,5,0.0015443758032058009
58,kw_data_gov_p10k,数据治理,4,0.0025813854872850936
59,kw_data_stock_p10k,数据存量,3,0.00501705869892266
59,kw_data_dev_p10k,数据开发能力,1,0.006339410868282692
59,kw_data_app_p10k,数据驱动应用,2,0.005102913594132963
59,kw_data_value_p10k,数据价值变现,5,0.0021260340817441784
59,kw_data_gov_p10k,数据治理,4,0.0025848426451487096
60,kw_data_stock_p10k,数据存量,2,0.005825114312453804
60,kw_data_dev_p10k,数据开发能力,1,0.00621191886275976
60,kw_data_app_p10k,数据驱动应用,3,0.005551493101296834
60,kw_data_value_p10k,数据价值变现,5,0.0013517998768129559
60,kw_data_gov_p10k,数据治理,4,0.0023716500915356574
61,kw_data_stock_p10k,数据存量,2,0.005386986687409056
61,kw_data_dev_p10k,数据开发能力,1,0.006304341925476958
61,kw_data_app_p10k,数据驱动应用,3,0.005009883299098658
61,kw_data_value_p10k,数据价值变现,5,0.0014373351385566337
61,kw_data_gov_p10k,数据治理,4,0.0024991588629198138
62,kw_data_stock_p10k,数据存量,2,0.005820391003408787
62,kw_data_dev_p10k,数据开发能力,1,0.0066629254647837186
62,kw_data_app_p10k,数据驱动应用,3,0.005661965056052151
62,kw_data_value_p10k,数据价值变现,5,0.0013569792541623322
62,kw_data_gov_p10k,数据治理,4,0.0029177555347039527
63,kw_data_stock_p10k,数据存量,3,0.005939927320433339
63,kw_data_dev_p10k,数据开发能力,2,0.006339718388693246
63,kw_data_app_p10k,数据驱动应用,1,0.006415612797632396
63,kw_data_value_p10k,数据价值变现,5,0.001953980698175981
63,kw_data_gov_p10k,数据治理,4,0.0029541749821600503
64,kw_data_stock_p10k,数据存量,3,0.005123374939201695
64,kw_data_dev_p10k,数据开发能力,1,0.006544458531850305
64,kw_data_app_p10k,数据驱动应用,2,0.005377104195166666
64,kw_data_value_p10k,数据价值变现,5,0.0010812029409832408
64,kw_data_gov_p10k,数据治理,4,0.0023001264033836346
65,kw_data_stock_p10k,数据存量,2,0.005199059408757179
65,kw_data_dev_p10k,数据开发能力,1,0.00572857077652247
65,kw_data_app_p10k,数据驱动应用,3,0.004932614672264127
65,kw_data_value_p10k,数据价值变现,5,0.0011947941068841048
65,kw_data_gov_p10k,数据治理,4,0.0032946408927011844
66,kw_data_stock_p10k,数据存量,3,0.00495538024009836
66,kw_data_dev_p10k,数据开发能力,1,0.006201715846405066
66,kw_data_app_p10k,数据驱动应用,2,0.005964496681174385
66,kw_data_value_p10k,数据价值变现,5,0.0013145495887644798
66,kw_data_gov_p10k,数据治理,4,0.0029941711381697247
67,kw_data_stock_p10k,数据存量,2,0.005448992651294742
67,kw_data_dev_p10k,数据开发能力,3,0.0052257521197854135
67,kw_data_app_p10k,数据驱动应用,1,0.005734854399795739
67,kw_data_value_p10k,数据价值变现,5,0.0017231500463811892
67,kw_data_gov_p10k,数据治理,4,0.002617525697354507
68,kw_data_stock_p10k,数据存量,2,0.005510699733016514
68,kw_data_dev_p10k,数据开发能力,3,0.005400462278963424
68,kw_data_app_p10k,数据驱动应用,1,0.005839313213943476
68,kw_data_value_p10k,数据价值变现,5,0.0017548258546851566
68,kw_data_gov_p10k,数据治理,4,0.002223196832769249
69,kw_data_stock_p10k,数据存量,3,0.004436262823445288
69,kw_data_dev_p10k,数据开发能力,1,0.005892818488275247
69,kw_data_app_p10k,数据驱动应用,2,0.005810947011795675
69,kw_data_value_p10k,数据价值变现,5,0.001549301202349218
69,kw_data_gov_p10k,数据治理,4,0.0024049181234484514
70,kw_data_stock_p10k,数据存量,3,0.005671309508256421
70,kw_data_dev_p10k,数据开发能力,1,0.006107168632462841
70,kw_data_app_p10k,数据驱动应用,2,0.005807115390367209
70,kw_data_value_p10k,数据价值变现,5,0.0024955313424041624
70,kw_data_gov_p10k,数据治理,4,0.0028339290522007717
71,kw_data_stock_p10k,数据存量,2,0.006315857710370795
71,kw_data_dev_p10k,数据开发能力,1,0.006327956136963982
71,kw_data_app_p10k,数据驱动应用,3,0.005566966026554877
71,kw_data_value_p10k,数据价值变现,5,0.001421432111645146
71,kw_data_gov_p10k,数据治理,4,0.002417103105968597
72,kw_data_stock_p10k,数据存量,3,0.005274366926005006
72,kw_data_dev_p10k,数据开发能力,1,0.0061970499649683835
72,kw_data_app_p10k,数据驱动应用,2,0.005806980673471178
72,kw_data_value_p10k,数据价值变现,5,0.0012225022883727004
72,kw_data_gov_p10k,数据治理,4,0.0023067458590021643
73,kw_data_stock_p10k,数据存量,3,0.005037003185743022
73,kw_data_dev_p10k,数据开发能力,2,0.005993093648128176
73,kw_data_app_p10k,数据驱动应用,1,0.006540145653320606
73,kw_data_value_p10k,数据价值变现,5,0.0016419992235836183
73,kw_data_gov_p10k,数据治理,4,0.002510183250562248
74,kw_data_stock_p10k,数据存量,1,0.0065862559002776025
74,kw_data_dev_p10k,数据开发能力,2,0.006152315960066362
74,kw_data_app_p10k,数据驱动应用,3,0.005540284295521281
74,kw_data_value_p10k,数据价值变现,5,0.0014633823620816863
74,kw_data_gov_p10k,数据治理,4,0.003294902549724123
75,kw_data_stock_p10k,数据存量,3,0.004948132322083078
75,kw_data_dev_p10k,数据开发能力,1,0.006731961924726695
75,kw_data_app_p10k,数据驱动应用,2,0.0055751259018885805
75,kw_data_value_p10k,数据价值变现,5,0.0013811172559318999
75,kw_data_gov_p10k,数据治理,4,0.0024517923433016488
76,kw_data_stock_p10k,数据存量,3,0.004639220527573735
76,kw_data_dev_p10k,数据开发能力,1,0.006317824483970949
76,kw_data_app_p10k,数据驱动应用,2,0.0050521532897283995
76,kw_data_value_p10k,数据价值变现,5,0.0015664104841384915
76,kw_data_gov_p10k,数据治理,4,0.00293160727434467
77,kw_data_stock_p10k,数据存量,2,0.005782410995839288
77,kw_data_dev_p10k,数据开发能力,1,0.006459712747667292
77,kw_data_app_p10k,数据驱动应用,3,0.005007590776429996
77,kw_data_value_p10k,数据价值变现,4,0.002619956395706061
77,kw_data_gov_p10k,数据治理,5,0.0021818931834683493
78,kw_data_stock_p10k,数据存量,3,0.0054317954412075415
78,kw_data_dev_p10k,数据开发能力,1,0.005742452275652
78,kw_data_app_p10k,数据驱动应用,2,0.0055717236751427375
78,kw_data_value_p10k,数据价值变现,5,0.0015827965696692916
78,kw_data_gov_p10k,数据治理,4,0.0028102259328501747
79,kw_data_stock_p10k,数据存量,3,0.005693899452682545
79,kw_data_dev_p10k,数据开发能力,1,0.0072610616681355634
79,kw_data_app_p10k,数据驱动应用,2,0.006213749805827646
79,kw_data_value_p10k,数据价值变现,5,0.0016344706875654395
79,kw_data_gov_p10k,数据治理,4,0.0025114011413952864
80,kw_data_stock_p10k,数据存量,2,0.005577787790556041
80,kw_data_dev_p10k,数据开发能力,1,0.006076429708307232
80,kw_data_app_p10k,数据驱动应用,3,0.005136691672357972
80,kw_data_value_p10k,数据价值变现,5,0.0015079643280565577
80,kw_data_gov_p10k,数据治理,4,0.0027075793260924606
81,kw_data_stock_p10k,数据存量,1,0.0061368217054177075
81,kw_data_dev_p10k,数据开发能力,2,0.005951792477245121
81,kw_data_app_p10k,数据驱动应用,3,0.005158252688537437
81,kw_data_value_p10k,数据价值变现,5,0.001369894207243793
81,kw_data_gov_p10k,数据治理,4,0.002568622151844488
82,kw_data_stock_p10k,数据存量,3,0.004857581034328984
82,kw_data_dev_p10k,数据开发能力,1,0.00634333600603736
82,kw_data_app_p10k,数据驱动应用,2,0.005342927863800957
82,kw_data_value_p10k,数据价值变现,5,0.001284158791070814
82,kw_data_gov_p10k,数据治理,4,0.0029280483411844257
83,kw_data_stock_p10k,数据存量,3,0.005495915179591011
83,kw_data_dev_p10k,数据开发能力,1,0.006027101116520369
83,kw_data_app_p10k,数据驱动应用,2,0.0057310824146491815
83,kw_data_value_p10k,数据价值变现,5,0.001382372762402866
83,kw_data_gov_p10k,数据治理,4,0.002335406751017892
84,kw_data_stock_p10k,数据存量,2,0.005862538519369329
84,kw_data_dev_p10k,数据开发能力,1,0.006107175015633612
84,kw_data_app_p10k,数据驱动应用,3,0.005100590218269361
84,kw_data_value_p10k,数据价值变现,5,0.0018132529009488995
84,kw_data_gov_p10k,数据治理,4,0.0020976037940478288
85,kw_data_stock_p10k,数据存量,2,0.0056376996687106384
85,kw_data_dev_p10k,数据开发能力,1,0.006026176979645968
85,kw_data_app_p10k,数据驱动应用,3,0.005354794787825861
85,kw_data_value_p10k,数据价值变现,5,0.002330892398356192
85,kw_data_gov_p10k,数据治理,4,0.002611930353393461
86,kw_data_stock_p10k,数据存量,1,0.005948233412276499
86,kw_data_dev_p10k,数据开发能力,2,0.005566630125947615
86,kw_data_app_p10k,数据驱动应用,3,0.005397391241178554
86,kw_data_value_p10k,数据价值变现,5,0.00204661136650598
86,kw_data_gov_p10k,数据治理,4,0.0024960089770251193
87,kw_data_stock_p10k,数据存量,1,0.006572718031044911
87,kw_data_dev_p10k,数据开发能力,2,0.006197771611323629
87,kw_data_app_p10k,数据驱动应用,3,0.005072429243364742
87,kw_data_value_p10k,数据价值变现,5,0.0020809319923608964
87,kw_data_gov_p10k,数据治理,4,0.0025683332364826684
88,kw_data_stock_p10k,数据存量,3,0.004734185195198821
88,kw_data_dev_p10k,数据开发能力,1,0.005853599964970274
88,kw_data_app_p10k,数据驱动应用,2,0.0051437986037521895
88,kw_data_value_p10k,数据价值变现,5,0.0016965292052305643
88,kw_data_gov_p10k,数据治理,4,0.002307260191201311
89,kw_data_stock_p10k,数据存量,3,0.0055894903898830875
89,kw_data_dev_p10k,数据开发能力,1,0.005866670923789948
89,kw_data_app_p10k,数据驱动应用,2,0.005795747890349843
89,kw_data_value_p10k,数据价值变现,5,0.0020591160144640907
89,kw_data_gov_p10k,数据治理,4,0.0026909519818741874
90,kw_data_stock_p10k,数据存量,2,0.004889393497688137
90,kw_data_dev_p10k,数据开发能力,1,0.007124455074177258
90,kw_data_app_p10k,数据驱动应用,3,0.004723160617128775
90,kw_data_value_p10k,数据价值变现,5,0.0012541674077404111
90,kw_data_gov_p10k,数据治理,4,0.002904966507246069
91,kw_data_stock_p10k,数据存量,3,0.005536547200590402
91,kw_data_dev_p10k,数据开发能力,1,0.006456393478304112
91,kw_data_app_p10k,数据驱动应用,2,0.006118221434272194
91,kw_data_value_p10k,数据价值变现,5,0.002110400319111166
91,kw_data_gov_p10k,数据治理,4,0.002807472979965509
92,kw_data_stock_p10k,数据存量,2,0.005533110986048677
92,kw_data_dev_p10k,数据开发能力,1,0.006011898950550124
92,kw_data_app_p10k,数据驱动应用,3,0.005413602470230763
92,kw_data_value_p10k,数据价值变现,4,0.002037310059048575
92,kw_data_gov_p10k,数据治理,5,0.001860158939565766
93,kw_data_stock_p10k,数据存量,3,0.00542158253476634
93,kw_data_dev_p10k,数据开发能力,1,0.006281716816741368
93,kw_data_app_p10k,数据驱动应用,2,0.0054495983797826705
93,kw_data_value_p10k,数据价值变现,5,0.0014723242594526936
93,kw_data_gov_p10k,数据治理,4,0.00282663822932401
94,kw_data_stock_p10k,数据存量,1,0.006628302482773735
94,kw_data_dev_p10k,数据开发能力,3,0.005463568242299714
94,kw_data_app_p10k,数据驱动应用,2,0.005636185039783564
94,kw_data_value_p10k,数据价值变现,5,0.0017288006940639467
94,kw_data_gov_p10k,数据治理,4,0.0018701124209058939
95,kw_data_stock_p10k,数据存量,2,0.006092317137415013
95,kw_data_dev_p10k,数据开发能力,1,0.00690428109107538
95,kw_data_app_p10k,数据驱动应用,3,0.00541848696366864
95,kw_data_value_p10k,数据价值变现,4,0.002459376969320131
95,kw_data_gov_p10k,数据治理,5,0.002002480359450617
96,kw_data_stock_p10k,数据存量,3,0.005471891572215606
96,kw_data_dev_p10k,数据开发能力,1,0.006060494770782289
96,kw_data_app_p10k,数据驱动应用,2,0.005555053480012883
96,kw_data_value_p10k,数据价值变现,5,0.0010908215497269144
96,kw_data_gov_p10k,数据治理,4,0.002585267489461899
97,kw_data_stock_p10k,数据存量,3,0.005263897962262223
97,kw_data_dev_p10k,数据开发能力,1,0.005939509216786419
97,kw_data_app_p10k,数据驱动应用,2,0.005335920027425733
97,kw_data_value_p10k,数据价值变现,5,0.0014572813274216882
97,kw_data_gov_p10k,数据治理,4,0.0031448083438112653
98,kw_data_stock_p10k,数据存量,2,0.0057583403231402375
98,kw_data_dev_p10k,数据开发能力,3,0.005415301113065366
98,kw_data_app_p10k,数据驱动应用,1,0.005888621824839921
98,kw_data_value_p10k,数据价值变现,5,0.0022249495200446956
98,kw_data_gov_p10k,数据治理,4,0.0023994620053546297
99,kw_data_stock_p10k,数据存量,2,0.005567857072638774
99,kw_data_dev_p10k,数据开发能力,3,0.005480219482546421
99,kw_data_app_p10k,数据驱动应用,1,0.005887134835427095
99,kw_data_value_p10k,数据价值变现,5,0.0016563519392496346
99,kw_data_gov_p10k,数据治理,4,0.002318532183654344
100,kw_data_stock_p10k,数据存量,2,0.0046505944990797845
100,kw_data_dev_p10k,数据开发能力,1,0.006433527197099639
100,kw_data_app_p10k,数据驱动应用,3,0.004431347214198667
100,kw_data_value_p10k,数据价值变现,5,0.0013151033958481398
100,kw_data_gov_p10k,数据治理,4,0.0031745696016492785
101,kw_data_stock_p10k,数据存量,2,0.005267961369061907
101,kw_data_dev_p10k,数据开发能力,1,0.006610525968322776
101,kw_data_app_p10k,数据驱动应用,3,0.005198157272497919
101,kw_data_value_p10k,数据价值变现,5,0.001652344308409209
101,kw_data_gov_p10k,数据治理,4,0.0027421758723535964
102,kw_data_stock_p10k,数据存量,3,0.0045788303210785395
102,kw_data_dev_p10k,数据开发能力,1,0.006303448675513454
102,kw_data_app_p10k,数据驱动应用,2,0.006038277505483346
102,kw_data_value_p10k,数据价值变现,5,0.0014932892089950841
102,kw_data_gov_p10k,数据治理,4,0.0020955334983144753
103,kw_data_stock_p10k,数据存量,3,0.004682662267014148
103,kw_data_dev_p10k,数据开发能力,1,0.006009877159465124
103,kw_data_app_p10k,数据驱动应用,2,0.005960940677957108
103,kw_data_value_p10k,数据价值变现,5,0.002315105410279525
103,kw_data_gov_p10k,数据治理,4,0.0025213430427509036
104,kw_data_stock_p10k,数据存量,2,0.005480496810608722
104,kw_data_dev_p10k,数据开发能力,1,0.006104684870002383
104,kw_data_app_p10k,数据驱动应用,3,0.0054384297376485445
104,kw_data_value_p10k,数据价值变现,5,0.001760800720299269
104,kw_data_gov_p10k,数据治理,4,0.0030690742850288492
105,kw_data_stock_p10k,数据存量,3,0.005251881907892136
105,kw_data_dev_p10k,数据开发能力,2,0.005577341610116987
105,kw_data_app_p10k,数据驱动应用,1,0.00589310522018443
105,kw_data_value_p10k,数据价值变现,5,0.0020092896133751792
105,kw_data_gov_p10k,数据治理,4,0.002408380778547328
106,kw_data_stock_p10k,数据存量,2,0.005770872219456653
106,kw_data_dev_p10k,数据开发能力,1,0.005867052457484001
106,kw_data_app_p10k,数据驱动应用,3,0.004945944965933107
106,kw_data_value_p10k,数据价值变现,5,0.0017262066226852355
106,kw_data_gov_p10k,数据治理,4,0.003001802615013225
107,kw_data_stock_p10k,数据存量,1,0.0061173256328566706
107,kw_data_dev_p10k,数据开发能力,2,0.006068928812078347
107,kw_data_app_p10k,数据驱动应用,3,0.005662825764669933
107,kw_data_value_p10k,数据价值变现,5,0.0012053313473251856
107,kw_data_gov_p10k,数据治理,4,0.0025668309061916317
108,kw_data_stock_p10k,数据存量,1,0.00611191415835554
108,kw_data_dev_p10k,数据开发能力,2,0.006035476317913533
108,kw_data_app_p10k,数据驱动应用,3,0.004776279166422119
108,kw_data_value_p10k,数据价值变现,4,0.0023485708420764814
108,kw_data_gov_p10k,数据治理,5,0.002038686261666604
109,kw_data_stock_p10k,数据存量,2,0.005854302661675889
109,kw_data_dev_p10k,数据开发能力,1,0.006318694284502152
109,kw_data_app_p10k,数据驱动应用,3,0.0054301460917191785
109,kw_data_value_p10k,数据价值变现,5,0.00210823756623948
109,kw_data_gov_p10k,数据治理,4,0.0027844128809253396
110,kw_data_stock_p10k,数据存量,3,0.005112096202933561
110,kw_data_dev_p10k,数据开发能力,1,0.006137023921399225
110,kw_data_app_p10k,数据驱动应用,2,0.005252023391393005
110,kw_data_value_p10k,数据价值变现,5,0.0016449714665625489
110,kw_data_gov_p10k,数据治理,4,0.002621368752504466
111,kw_data_stock_p10k,数据存量,3,0.0050528965176352865
111,kw_data_dev_p10k,数据开发能力,1,0.006120616151660881
111,kw_data_app_p10k,数据驱动应用,2,0.005760497261286381
111,kw_data_value_p10k,数据价值变现,5,0.00134554107001607
111,kw_data_gov_p10k,数据治理,4,0.0024425120628347057
112,kw_data_stock_p10k,数据存量,3,0.004980564692141819
112,kw_data_dev_p10k,数据开发能力,1,0.006140661555918989
112,kw_data_app_p10k,数据驱动应用,2,0.005861925044784436
112,kw_data_value_p10k,数据价值变现,5,0.0020037932162459034
112,kw_data_gov_p10k,数据治理,4,0.00250295530580287
113,kw_data_stock_p10k,数据存量,1,0.005424538137785344
113,kw_data_dev_p10k,数据开发能力,2,0.005377432677396423
113,kw_data_app_p10k,数据驱动应用,3,0.004859511394626687
113,kw_data_value_p10k,数据价值变现,5,0.00186239892903676
113,kw_data_gov_p10k,数据治理,4,0.0022701351522521197
114,kw_data_stock_p10k,数据存量,1,0.006067078156027036
114,kw_data_dev_p10k,数据开发能力,2,0.0060033968242437325
114,kw_data_app_p10k,数据驱动应用,3,0.005888089488433454
114,kw_data_value_p10k,数据价值变现,5,0.0015352178823845244
114,kw_data_gov_p10k,数据治理,4,0.0027675436643283275
115,kw_data_stock_p10k,数据存量,3,0.005137815202600164
115,kw_data_dev_p10k,数据开发能力,2,0.005573638817304536
115,kw_data_app_p10k,数据驱动应用,1,0.005671788248504466
115,kw_data_value_p10k,数据价值变现,5,0.0018592374744689998
115,kw_data_gov_p10k,数据治理,4,0.0024234874707560004
116,kw_data_stock_p10k,数据存量,2,0.005841740009713487
116,kw_data_dev_p10k,数据开发能力,1,0.006652122004734312
116,kw_data_app_p10k,数据驱动应用,3,0.00527510437317447
116,kw_data_value_p10k,数据价值变现,5,0.0018379773782270007
116,kw_data_gov_p10k,数据治理,4,0.0026638570841454497
117,kw_data_stock_p10k,数据存量,2,0.0053957784922763615
117,kw_data_dev_p10k,数据开发能力,1,0.0057052372141138665
117,kw_data_app_p10k,数据驱动应用,3,0.005136255604310756
117,kw_data_value_p10k,数据价值变现,5,0.00180225577554292
117,kw_data_gov_p10k,数据治理,4,0.002366368248086945
118,kw_data_stock_p10k,数据存量,2,0.005510671026666183
118,kw_data_dev_p10k,数据开发能力,3,0.005504605322024302
118,kw_data_app_p10k,数据驱动应用,1,0.006371626318216823
118,kw_data_value_p10k,数据价值变现,5,0.0015521476556933581
118,kw_data_gov_p10k,数据治理,4,0.002519091785812037
119,kw_data_stock_p10k,数据存量,3,0.004980784583820772
119,kw_data_dev_p10k,数据开发能力,1,0.006337618585414712
119,kw_data_app_p10k,数据驱动应用,2,0.005137339543986144
119,kw_data_value_p10k,数据价值变现,5,0.0010999750930731312
119,kw_data_gov_p10k,数据治理,4,0.0030446888486241083
120,kw_data_stock_p10k,数据存量,2,0.005425364876281768
120,kw_data_dev_p10k,数据开发能力,1,0.006444129854684266
120,kw_data_app_p10k,数据驱动应用,3,0.005281089713708384
120,kw_data_value_p10k,数据价值变现,5,0.0010437815791285085
120,kw_data_gov_p10k,数据治理,4,0.0027797243228275446
121,kw_data_stock_p10k,数据存量,1,0.0061368947556051925
121,kw_data_dev_p10k,数据开发能力,2,0.005764186291710392
121,kw_data_app_p10k,数据驱动应用,3,0.005263418427406626
121,kw_data_value_p10k,数据价值变现,4,0.002511008311969752
121,kw_data_gov_p10k,数据治理,5,0.0024656710637982605
122,kw_data_stock_p10k,数据存量,2,0.005797882778970613
122,kw_data_dev_p10k,数据开发能力,1,0.006599428371236317
122,kw_data_app_p10k,数据驱动应用,3,0.005605930791905069
122,kw_data_value_p10k,数据价值变现,4,0.0025735127005230792
122,kw_data_gov_p10k,数据治理,5,0.0024036350298808538
123,kw_data_stock_p10k,数据存量,1,0.006249174633596237
123,kw_data_dev_p10k,数据开发能力,3,0.00533001218015006
123,kw_data_app_p10k,数据驱动应用,2,0.005401117647284854
123,kw_data_value_p10k,数据价值变现,5,0.001605564522978258
123,kw_data_gov_p10k,数据治理,4,0.0023483554957091086
124,kw_data_stock_p10k,数据存量,1,0.005669967984882784
124,kw_data_dev_p10k,数据开发能力,3,0.005435889882393273
124,kw_data_app_p10k,数据驱动应用,2,0.005457927121727105
124,kw_data_value_p10k,数据价值变现,5,0.0014580351735391202
124,kw_data_gov_p10k,数据治理,4,0.002761782287766036
125,kw_data_stock_p10k,数据存量,1,0.006509418495190742
125,kw_data_dev_p10k,数据开发能力,2,0.005747831750173535
125,kw_data_app_p10k,数据驱动应用,3,0.005192228297965122
125,kw_data_value_p10k,数据价值变现,5,0.0018515987924141869
125,kw_data_gov_p10k,数据治理,4,0.0019275961961024545
126,kw_data_stock_p10k,数据存量,3,0.005187717987682537
126,kw_data_dev_p10k,数据开发能力,1,0.006407284449641394
126,kw_data_app_p10k,数据驱动应用,2,0.006367593560809869
126,kw_data_value_p10k,数据价值变现,5,0.001297336357569228
126,kw_data_gov_p10k,数据治理,4,0.002488018251218574
127,kw_data_stock_p10k,数据存量,3,0.005271702161753504
127,kw_data_dev_p10k,数据开发能力,1,0.006707578397711293
127,kw_data_app_p10k,数据驱动应用,2,0.006498075100326419
127,kw_data_value_p10k,数据价值变现,5,0.0011729580046552501
127,kw_data_gov_p10k,数据治理,4,0.0030981382557445647
128,kw_data_stock_p10k,数据存量,2,0.005706977231816366
128,kw_data_dev_p10k,数据开发能力,3,0.00559651454314981
128,kw_data_app_p10k,数据驱动应用,1,0.006366540516574008
128,kw_data_value_p10k,数据价值变现,5,0.0016718881856328124
128,kw_data_gov_p10k,数据治理,4,0.002369977300502515
129,kw_data_stock_p10k,数据存量,1,0.006065633139562422
129,kw_data_dev_p10k,数据开发能力,2,0.005632415190868566
129,kw_data_app_p10k,数据驱动应用,3,0.005578716632591884
129,kw_data_value_p10k,数据价值变现,5,0.0015358431159738384
129,kw_data_gov_p10k,数据治理,4,0.0034824721587714386
130,kw_data_stock_p10k,数据存量,2,0.005387960010953697
130,kw_data_dev_p10k,数据开发能力,1,0.006531211400184353
130,kw_data_app_p10k,数据驱动应用,3,0.004818009498536862
130,kw_data_value_p10k,数据价值变现,5,0.0023002253877078918
130,kw_data_gov_p10k,数据治理,4,0.0025477740363091953
131,kw_data_stock_p10k,数据存量,3,0.005423699572663193
131,kw_data_dev_p10k,数据开发能力,1,0.006020668876140155
131,kw_data_app_p10k,数据驱动应用,2,0.0059419366819557125
131,kw_data_value_p10k,数据价值变现,5,0.0011856707197814632
131,kw_data_gov_p10k,数据治理,4,0.002318018131288959
132,kw_data_stock_p10k,数据存量,3,0.005392306309361077
132,kw_data_dev_p10k,数据开发能力,1,0.006210166409904986
132,kw_data_app_p10k,数据驱动应用,2,0.006071838124728666
132,kw_data_value_p10k,数据价值变现,5,0.0010716735227028617
132,kw_data_gov_p10k,数据治理,4,0.002048828843622598
133,kw_data_stock_p10k,数据存量,3,0.004768280779839575
133,kw_data_dev_p10k,数据开发能力,2,0.0053180456076473755
133,kw_data_app_p10k,数据驱动应用,1,0.005865435291670659
133,kw_data_value_p10k,数据价值变现,5,0.001474416779828378
133,kw_data_gov_p10k,数据治理,4,0.0029525505029593616
134,kw_data_stock_p10k,数据存量,3,0.004705873791311449
134,kw_data_dev_p10k,数据开发能力,1,0.006379691685308606
134,kw_data_app_p10k,数据驱动应用,2,0.006006601824149955
134,kw_data_value_p10k,数据价值变现,5,0.001433769455455663
134,kw_data_gov_p10k,数据治理,4,0.0023474423039909365
135,kw_data_stock_p10k,数据存量,3,0.00499235612407407
135,kw_data_dev_p10k,数据开发能力,1,0.005785795946910641
135,kw_data_app_p10k,数据驱动应用,2,0.0056764516260770035
135,kw_data_value_p10k,数据价值变现,5,0.0017832351531021872
135,kw_data_gov_p10k,数据治理,4,0.0028577443237038647
136,kw_data_stock_p10k,数据存量,1,0.0061533946917261256
136,kw_data_dev_p10k,数据开发能力,2,0.006105985889893254
136,kw_data_app_p10k,数据驱动应用,3,0.00574681841962537
136,kw_data_value_p10k,数据价值变现,5,0.0013179208091960292
136,kw_data_gov_p10k,数据治理,4,0.0021098663251572737
137,kw_data_stock_p10k,数据存量,3,0.005109252973491701
137,kw_data_dev_p10k,数据开发能力,2,0.005364874129688067
137,kw_data_app_p10k,数据驱动应用,1,0.006251770490279778
137,kw_data_value_p10k,数据价值变现,5,0.0016974910260709013
137,kw_data_gov_p10k,数据治理,4,0.0023383918407438643
138,kw_data_stock_p10k,数据存量,3,0.0048863881743236096
138,kw_data_dev_p10k,数据开发能力,1,0.005365638240153919
138,kw_data_app_p10k,数据驱动应用,2,0.004942516841070258
138,kw_data_value_p10k,数据价值变现,5,0.001498301004400205
138,kw_data_gov_p10k,数据治理,4,0.0025386262305028807
139,kw_data_stock_p10k,数据存量,3,0.005486827075972349
139,kw_data_dev_p10k,数据开发能力,2,0.005882025158306421
139,kw_data_app_p10k,数据驱动应用,1,0.006038894601666252
139,kw_data_value_p10k,数据价值变现,5,0.001779344362397163
139,kw_data_gov_p10k,数据治理,4,0.002329633549304343
140,kw_data_stock_p10k,数据存量,3,0.005002189875651838
140,kw_data_dev_p10k,数据开发能力,2,0.00551409263916445
140,kw_data_app_p10k,数据驱动应用,1,0.006016662142472474
140,kw_data_value_p10k,数据价值变现,5,0.0015207116647540761
140,kw_data_gov_p10k,数据治理,4,0.0026443335347095427
141,kw_data_stock_p10k,数据存量,2,0.006103451682518187
141,kw_data_dev_p10k,数据开发能力,1,0.006248444207877603
141,kw_data_app_p10k,数据驱动应用,3,0.005171517209042919
141,kw_data_value_p10k,数据价值变现,4,0.0024915484339201217
141,kw_data_gov_p10k,数据治理,5,0.002046690995618873
142,kw_data_stock_p10k,数据存量,3,0.005442481525464695
142,kw_data_dev_p10k,数据开发能力,2,0.006056652347945717
142,kw_data_app_p10k,数据驱动应用,1,0.006630958508578421
142,kw_data_value_p10k,数据价值变现,5,0.0015372159891558369
142,kw_data_gov_p10k,数据治理,4,0.002900242844855807
143,kw_data_stock_p10k,数据存量,3,0.005124362322061261
143,kw_data_dev_p10k,数据开发能力,2,0.005767024914278358
143,kw_data_app_p10k,数据驱动应用,1,0.006450818280162088
143,kw_data_value_p10k,数据价值变现,5,0.00107767681067659
143,kw_data_gov_p10k,数据治理,4,0.0019463525075927425
144,kw_data_stock_p10k,数据存量,3,0.00575057611154218
144,kw_data_dev_p10k,数据开发能力,1,0.006508618346103098
144,kw_data_app_p10k,数据驱动应用,2,0.005895907402230694
144,kw_data_value_p10k,数据价值变现,5,0.0012388500522840672
144,kw_data_gov_p10k,数据治理,4,0.0021905666000578243
145,kw_data_stock_p10k,数据存量,2,0.005919362362758521
145,kw_data_dev_p10k,数据开发能力,1,0.006677474392382852
145,kw_data_app_p10k,数据驱动应用,3,0.005675734553680825
145,kw_data_value_p10k,数据价值变现,5,0.0013464709867342028
145,kw_data_gov_p10k,数据治理,4,0.002629205251634559
146,kw_data_stock_p10k,数据存量,3,0.005766898041500438
146,kw_data_dev_p10k,数据开发能力,1,0.006330525431532868
146,kw_data_app_p10k,数据驱动应用,2,0.005873172405932705
146,kw_data_value_p10k,数据价值变现,5,0.0019280531914804648
146,kw_data_gov_p10k,数据治理,4,0.0024571858502592187
147,kw_data_stock_p10k,数据存量,2,0.005836063640906835
147,kw_data_dev_p10k,数据开发能力,1,0.0064248265844069905
147,kw_data_app_p10k,数据驱动应用,3,0.005763998134170642
147,kw_data_value_p10k,数据价值变现,5,0.001699699831365199
147,kw_data_gov_p10k,数据治理,4,0.0023188617778603644
148,kw_data_stock_p10k,数据存量,3,0.004820446834073073
148,kw_data_dev_p10k,数据开发能力,2,0.005841246410889404
148,kw_data_app_p10k,数据驱动应用,1,0.0062326023116909875
148,kw_data_value_p10k,数据价值变现,5,0.0017217046638426869
148,kw_data_gov_p10k,数据治理,4,0.0020462419977650688
149,kw_data_stock_p10k,数据存量,3,0.005228000796837645
149,kw_data_dev_p10k,数据开发能力,1,0.006348086578700628
149,kw_data_app_p10k,数据驱动应用,2,0.005794290714584388
149,kw_data_value_p10k,数据价值变现,5,0.0014170803899012034
149,kw_data_gov_p10k,数据治理,4,0.0031396615375099846
150,kw_data_stock_p10k,数据存量,2,0.006122913161045365
150,kw_data_dev_p10k,数据开发能力,1,0.006834218985445351
150,kw_data_app_p10k,数据驱动应用,3,0.0051848117269923865
150,kw_data_value_p10k,数据价值变现,5,0.001791411355847886
150,kw_data_gov_p10k,数据治理,4,0.0026596448662833797
151,kw_data_stock_p10k,数据存量,3,0.0050713880450340455
151,kw_data_dev_p10k,数据开发能力,1,0.005985040565783247
151,kw_data_app_p10k,数据驱动应用,2,0.005670023254292888
151,kw_data_value_p10k,数据价值变现,5,0.0012075190148765405
151,kw_data_gov_p10k,数据治理,4,0.002796251070469143
152,kw_data_stock_p10k,数据存量,2,0.004657424305300456
152,kw_data_dev_p10k,数据开发能力,1,0.00493553647607549
152,kw_data_app_p10k,数据驱动应用,3,0.004307498803129572
152,kw_data_value_p10k,数据价值变现,5,0.0016205959799257957
152,kw_data_gov_p10k,数据治理,4,0.0023111558763053096
153,kw_data_stock_p10k,数据存量,2,0.0061079214272133945
153,kw_data_dev_p10k,数据开发能力,1,0.006147049471384187
153,kw_data_app_p10k,数据驱动应用,3,0.005594483897822263
153,kw_data_value_p10k,数据价值变现,5,0.00157147990581922
153,kw_data_gov_p10k,数据治理,4,0.002037989976436077
154,kw_data_stock_p10k,数据存量,3,0.005671093939701018
154,kw_data_dev_p10k,数据开发能力,2,0.005702890453776374
154,kw_data_app_p10k,数据驱动应用,1,0.006141348728641703
154,kw_data_value_p10k,数据价值变现,5,0.0017165349036423112
154,kw_data_gov_p10k,数据治理,4,0.0029217274433422226
155,kw_data_stock_p10k,数据存量,2,0.006070438302236305
155,kw_data_dev_p10k,数据开发能力,1,0.006769897494613178
155,kw_data_app_p10k,数据驱动应用,3,0.005229054164487279
155,kw_data_value_p10k,数据价值变现,5,0.0020064141963491602
155,kw_data_gov_p10k,数据治理,4,0.002464374484796789
156,kw_data_stock_p10k,数据存量,3,0.00519973719737649
156,kw_data_dev_p10k,数据开发能力,1,0.005740683329136708
156,kw_data_app_p10k,数据驱动应用,2,0.0057228331091855635
156,kw_data_value_p10k,数据价值变现,5,0.001611400805918158
156,kw_data_gov_p10k,数据治理,4,0.002641824970405525
157,kw_data_stock_p10k,数据存量,3,0.0044816541511398895
157,kw_data_dev_p10k,数据开发能力,1,0.006541343499539794
157,kw_data_app_p10k,数据驱动应用,2,0.005785595599133148
157,kw_data_value_p10k,数据价值变现,5,0.0011526466513488965
157,kw_data_gov_p10k,数据治理,4,0.002766682959791983
158,kw_data_stock_p10k,数据存量,3,0.0050302151933160925
158,kw_data_dev_p10k,数据开发能力,1,0.006333781666961411
158,kw_data_app_p10k,数据驱动应用,2,0.005873525433617352
158,kw_data_value_p10k,数据价值变现,5,0.0016672853522971686
158,kw_data_gov_p10k,数据治理,4,0.00239007439836729
159,kw_data_stock_p10k,数据存量,2,0.005373823130745199
159,kw_data_dev_p10k,数据开发能力,1,0.005808392190566502
159,kw_data_app_p10k,数据驱动应用,3,0.005360781088175334
159,kw_data_value_p10k,数据价值变现,5,0.001712800789696689
159,kw_data_gov_p10k,数据治理,4,0.0021324825607013306
160,kw_data_stock_p10k,数据存量,2,0.006179204076312833
160,kw_data_dev_p10k,数据开发能力,1,0.006555582571416848
160,kw_data_app_p10k,数据驱动应用,3,0.005750659535051613
160,kw_data_value_p10k,数据价值变现,5,0.0015946479619355157
160,kw_data_gov_p10k,数据治理,4,0.002706668666136169
161,kw_data_stock_p10k,数据存量,3,0.005523613666093279
161,kw_data_dev_p10k,数据开发能力,2,0.00627251038899075
161,kw_data_app_p10k,数据驱动应用,1,0.006273714873946655
161,kw_data_value_p10k,数据价值变现,5,0.0013369984368050388
161,kw_data_gov_p10k,数据治理,4,0.0026917659539043527
162,kw_data_stock_p10k,数据存量,3,0.005146221403466633
162,kw_data_dev_p10k,数据开发能力,1,0.006276717890948606
162,kw_data_app_p10k,数据驱动应用,2,0.005354362727235243
162,kw_data_value_p10k,数据价值变现,5,0.0012161461913551374
162,kw_data_gov_p10k,数据治理,4,0.002470056146125035
163,kw_data_stock_p10k,数据存量,3,0.005544938174115124
163,kw_data_dev_p10k,数据开发能力,2,0.006282409823348646
163,kw_data_app_p10k,数据驱动应用,1,0.006426978924733366
163,kw_data_value_p10k,数据价值变现,5,0.0019475604356807643
163,kw_data_gov_p10k,数据治理,4,0.0020445606183151282
164,kw_data_stock_p10k,数据存量,2,0.005483873977551639
164,kw_data_dev_p10k,数据开发能力,1,0.006433535132704631
164,kw_data_app_p10k,数据驱动应用,3,0.005026587467193643
164,kw_data_value_p10k,数据价值变现,5,0.0017079515644037187
164,kw_data_gov_p10k,数据治理,4,0.003058310778921021
165,kw_data_stock_p10k,数据存量,3,0.004993974404470542
165,kw_data_dev_p10k,数据开发能力,1,0.0063513562641520725
165,kw_data_app_p10k,数据驱动应用,2,0.0057309063052349216
165,kw_data_value_p10k,数据价值变现,5,0.00189532159125635
165,kw_data_gov_p10k,数据治理,4,0.0025084735999353646
166,kw_data_stock_p10k,数据存量,2,0.005397808983781054
166,kw_data_dev_p10k,数据开发能力,1,0.006378490438760495
166,kw_data_app_p10k,数据驱动应用,3,0.0051130279995220814
166,kw_data_value_p10k,数据价值变现,5,0.0024348940619330216
166,kw_data_gov_p10k,数据治理,4,0.0025585102641230875
167,kw_data_stock_p10k,数据存量,1,0.007090945636349257
167,kw_data_dev_p10k,数据开发能力,2,0.006337715084042403
167,kw_data_app_p10k,数据驱动应用,3,0.005782740191832731
167,kw_data_value_p10k,数据价值变现,5,0.002523123781652409
167,kw_data_gov_p10k,数据治理,4,0.0031757655162061474
168,kw_data_stock_p10k,数据存量,3,0.005463431267841725
168,kw_data_dev_p10k,数据开发能力,1,0.006031987449360876
168,kw_data_app_p10k,数据驱动应用,2,0.005785807650267466
168,kw_data_value_p10k,数据价值变现,5,0.0015273026942488799
168,kw_data_gov_p10k,数据治理,4,0.0025281470527044815
169,kw_data_stock_p10k,数据存量,3,0.005074443034371079
169,kw_data_dev_p10k,数据开发能力,1,0.0066949175369873885
169,kw_data_app_p10k,数据驱动应用,2,0.0057503372942120465
169,kw_data_value_p10k,数据价值变现,5,0.001869898497206518
169,kw_data_gov_p10k,数据治理,4,0.0031303018753516426
170,kw_data_stock_p10k,数据存量,3,0.00536415642865639
170,kw_data_dev_p10k,数据开发能力,1,0.005698349856224589
170,kw_data_app_p10k,数据驱动应用,2,0.005510538852009021
170,kw_data_value_p10k,数据价值变现,5,0.0020989244364858464
170,kw_data_gov_p10k,数据治理,4,0.0025642983927662184
171,kw_data_stock_p10k,数据存量,2,0.006295025783430437
171,kw_data_dev_p10k,数据开发能力,1,0.006484851611360276
171,kw_data_app_p10k,数据驱动应用,3,0.005922365978215906
171,kw_data_value_p10k,数据价值变现,5,0.0022444863553071114
171,kw_data_gov_p10k,数据治理,4,0.00313092169296287
172,kw_data_stock_p10k,数据存量,3,0.005539869195513722
172,kw_data_dev_p10k,数据开发能力,1,0.0062254253822542505
172,kw_data_app_p10k,数据驱动应用,2,0.005808772944280757
172,kw_data_value_p10k,数据价值变现,5,0.0020680687728526857
172,kw_data_gov_p10k,数据治理,4,0.002139489053114399
173,kw_data_stock_p10k,数据存量,3,0.004622245781673945
173,kw_data_dev_p10k,数据开发能力,1,0.0071322783043139
173,kw_data_app_p10k,数据驱动应用,2,0.005840343169420832
173,kw_data_value_p10k,数据价值变现,5,0.0014017234309443166
173,kw_data_gov_p10k,数据治理,4,0.002306329751157424
174,kw_data_stock_p10k,数据存量,1,0.0062395847445861925
174,kw_data_dev_p10k,数据开发能力,2,0.005615212318558942
174,kw_data_app_p10k,数据驱动应用,3,0.0056127128465228
174,kw_data_value_p10k,数据价值变现,5,0.0024382961236561413
174,kw_data_gov_p10k,数据治理,4,0.0029181992870015543
175,kw_data_stock_p10k,数据存量,3,0.004827271741066076
175,kw_data_dev_p10k,数据开发能力,1,0.006641048402186356
175,kw_data_app_p10k,数据驱动应用,2,0.0060245868844386475
175,kw_data_value_p10k,数据价值变现,5,0.0017450559968572388
175,kw_data_gov_p10k,数据治理,4,0.0022924395479187714
176,kw_data_stock_p10k,数据存量,3,0.004688444929821347
176,kw_data_dev_p10k,数据开发能力,2,0.005379326659261219
176,kw_data_app_p10k,数据驱动应用,1,0.005425679874554276
176,kw_data_value_p10k,数据价值变现,5,0.0014500518347989317
176,kw_data_gov_p10k,数据治理,4,0.0024757099481347
177,kw_data_stock_p10k,数据存量,3,0.004997680687314202
177,kw_data_dev_p10k,数据开发能力,1,0.006273277705702979
177,kw_data_app_p10k,数据驱动应用,2,0.005482036534908169
177,kw_data_value_p10k,数据价值变现,5,0.0014322258216522402
177,kw_data_gov_p10k,数据治理,4,0.0021228388855668206
178,kw_data_stock_p10k,数据存量,3,0.005345255075474194
178,kw_data_dev_p10k,数据开发能力,1,0.005712481201720166
178,kw_data_app_p10k,数据驱动应用,2,0.005570661226695132
178,kw_data_value_p10k,数据价值变现,5,0.001548150492790288
178,kw_data_gov_p10k,数据治理,4,0.002672829027591922
179,kw_data_stock_p10k,数据存量,3,0.0049664208376422525
179,kw_data_dev_p10k,数据开发能力,1,0.005769819425682602
179,kw_data_app_p10k,数据驱动应用,2,0.0054835350544593
179,kw_data_value_p10k,数据价值变现,5,0.0012379772223645685
179,kw_data_gov_p10k,数据治理,4,0.0026211195267657607
180,kw_data_stock_p10k,数据存量,2,0.00542979784847734
180,kw_data_dev_p10k,数据开发能力,1,0.005911132424708596
180,kw_data_app_p10k,数据驱动应用,3,0.005281224767107946
180,kw_data_value_p10k,数据价值变现,5,0.001673700716014392
180,kw_data_gov_p10k,数据治理,4,0.0022052796312192016
181,kw_data_stock_p10k,数据存量,3,0.005292079164983148
181,kw_data_dev_p10k,数据开发能力,1,0.006268813719817368
181,kw_data_app_p10k,数据驱动应用,2,0.005590829565675118
181,kw_data_value_p10k,数据价值变现,5,0.001763160371262701
181,kw_data_gov_p10k,数据治理,4,0.0024624009543985754
182,kw_data_stock_p10k,数据存量,2,0.006106620169982218
182,kw_data_dev_p10k,数据开发能力,1,0.006558592573142772
182,kw_data_app_p10k,数据驱动应用,3,0.004759628812129578
182,kw_data_value_p10k,数据价值变现,5,0.0016871335984226625
182,kw_data_gov_p10k,数据治理,4,0.0022520604329011257
183,kw_data_stock_p10k,数据存量,2,0.00605337560977667
183,kw_data_dev_p10k,数据开发能力,1,0.006186218680313899
183,kw_data_app_p10k,数据驱动应用,3,0.005325930785575742
183,kw_data_value_p10k,数据价值变现,5,0.0021039263994256483
183,kw_data_gov_p10k,数据治理,4,0.00311766712437687
184,kw_data_stock_p10k,数据存量,3,0.005423864522665457
184,kw_data_dev_p10k,数据开发能力,2,0.005615679979628297
184,kw_data_app_p10k,数据驱动应用,1,0.006145446392706537
184,kw_data_value_p10k,数据价值变现,5,0.001654964459145026
184,kw_data_gov_p10k,数据治理,4,0.0024678750662309205
185,kw_data_stock_p10k,数据存量,1,0.006190283791941922
185,kw_data_dev_p10k,数据开发能力,2,0.006126045643243154
185,kw_data_app_p10k,数据驱动应用,3,0.004593634864704337
185,kw_data_value_p10k,数据价值变现,5,0.0017415719946101205
185,kw_data_gov_p10k,数据治理,4,0.002500968343599324
186,kw_data_stock_p10k,数据存量,3,0.005069160614899601
186,kw_data_dev_p10k,数据开发能力,1,0.005712436484363023
186,kw_data_app_p10k,数据驱动应用,2,0.005492355667271797
186,kw_data_value_p10k,数据价值变现,5,0.00142856006543903
186,kw_data_gov_p10k,数据治理,4,0.003038222768827701
187,kw_data_stock_p10k,数据存量,3,0.0057477368186579034
187,kw_data_dev_p10k,数据开发能力,1,0.006643127593438057
187,kw_data_app_p10k,数据驱动应用,2,0.005978770095860534
187,kw_data_value_p10k,数据价值变现,5,0.0019392988494606343
187,kw_data_gov_p10k,数据治理,4,0.0024243598073055137
188,kw_data_stock_p10k,数据存量,3,0.004680211223416364
188,kw_data_dev_p10k,数据开发能力,1,0.0057791006888445505
188,kw_data_app_p10k,数据驱动应用,2,0.005592476256507144
188,kw_data_value_p10k,数据价值变现,5,0.0019329459921147635
188,kw_data_gov_p10k,数据治理,4,0.0028734373693372994
189,kw_data_stock_p10k,数据存量,1,0.006323181862479558
189,kw_data_dev_p10k,数据开发能力,2,0.0062168530340319
189,kw_data_app_p10k,数据驱动应用,3,0.0048129265442648
189,kw_data_value_p10k,数据价值变现,4,0.0025650728940526646
189,kw_data_gov_p10k,数据治理,5,0.0019561153388448576
190,kw_data_stock_p10k,数据存量,2,0.005751177871278682
190,kw_data_dev_p10k,数据开发能力,1,0.0063254506501902105
190,kw_data_app_p10k,数据驱动应用,3,0.004614278930659249
190,kw_data_value_p10k,数据价值变现,5,0.0014956822720803321
190,kw_data_gov_p10k,数据治理,4,0.002759384582039789
191,kw_data_stock_p10k,数据存量,1,0.005784011199375927
191,kw_data_dev_p10k,数据开发能力,2,0.005551131325077879
191,kw_data_app_p10k,数据驱动应用,3,0.0051256709883835665
191,kw_data_value_p10k,数据价值变现,5,0.0014775305995550533
191,kw_data_gov_p10k,数据治理,4,0.0029123476223635162
192,kw_data_stock_p10k,数据存量,3,0.005048102785803417
192,kw_data_dev_p10k,数据开发能力,1,0.005965774622498552
192,kw_data_app_p10k,数据驱动应用,2,0.0053034174884239215
192,kw_data_value_p10k,数据价值变现,5,0.001548654002989243
192,kw_data_gov_p10k,数据治理,4,0.00236162732584964
193,kw_data_stock_p10k,数据存量,3,0.005753589052412435
193,kw_data_dev_p10k,数据开发能力,2,0.005933752850556259
193,kw_data_app_p10k,数据驱动应用,1,0.005962055005564331
193,kw_data_value_p10k,数据价值变现,5,0.001696704278913876
193,kw_data_gov_p10k,数据治理,4,0.0030779391881619674
194,kw_data_stock_p10k,数据存量,3,0.005319146608433371
194,kw_data_dev_p10k,数据开发能力,1,0.00657688825126597
194,kw_data_app_p10k,数据驱动应用,2,0.005782152929350289
194,kw_data_value_p10k,数据价值变现,5,0.0017952160373156242
194,kw_data_gov_p10k,数据治理,4,0.0022646515257025096
195,kw_data_stock_p10k,数据存量,2,0.00536905473985089
195,kw_data_dev_p10k,数据开发能力,1,0.005957413155218298
195,kw_data_app_p10k,数据驱动应用,3,0.005229943203353962
195,kw_data_value_p10k,数据价值变现,5,0.0017975421977464087
195,kw_data_gov_p10k,数据治理,4,0.002568594052642115
196,kw_data_stock_p10k,数据存量,2,0.005105409876896767
196,kw_data_dev_p10k,数据开发能力,1,0.006034815805529207
196,kw_data_app_p10k,数据驱动应用,3,0.0049601557824733335
196,kw_data_value_p10k,数据价值变现,5,0.0019656887667312026
196,kw_data_gov_p10k,数据治理,4,0.0024117525273158985
197,kw_data_stock_p10k,数据存量,3,0.0050998247860756935
197,kw_data_dev_p10k,数据开发能力,1,0.005757084913916418
197,kw_data_app_p10k,数据驱动应用,2,0.0052177511301072215
197,kw_data_value_p10k,数据价值变现,5,0.0019729820317972236
197,kw_data_gov_p10k,数据治理,4,0.0022603593499956848
198,kw_data_stock_p10k,数据存量,1,0.005974152162297944
198,kw_data_dev_p10k,数据开发能力,2,0.005440139748876144
198,kw_data_app_p10k,数据驱动应用,3,0.005053705208616645
198,kw_data_value_p10k,数据价值变现,5,0.001524628818931461
198,kw_data_gov_p10k,数据治理,4,0.0023400392667915866
199,kw_data_stock_p10k,数据存量,3,0.00546819928026041
199,kw_data_dev_p10k,数据开发能力,1,0.007101362701779834
199,kw_data_app_p10k,数据驱动应用,2,0.0057700890776915216
199,kw_data_value_p10k,数据价值变现,5,0.0015246659572671305
199,kw_data_gov_p10k,数据治理,4,0.002200679496094828
200,kw_data_stock_p10k,数据存量,2,0.006162891261586217
200,kw_data_dev_p10k,数据开发能力,1,0.0063805740258854405
200,kw_data_app_p10k,数据驱动应用,3,0.006058316797145689
200,kw_data_value_p10k,数据价值变现,5,0.0023135854744902582
200,kw_data_gov_p10k,数据治理,4,0.003282704377656146
